PATIENT_ID,SUBTYPE,CANCER_TYPE_ACRONYM,OTHER_PATIENT_ID,AGE,SEX,AJCC_PATHOLOGIC_TUMOR_STAGE,AJCC_STAGING_EDITION,DAYS_LAST_FOLLOWUP,DAYS_TO_BIRTH,DAYS_TO_INITIAL_PATHOLOGIC_DIAGNOSIS,ETHNICITY,FORM_COMPLETION_DATE,HISTORY_NEOADJUVANT_TRTYN,ICD_10,ICD_O_3_HISTOLOGY,ICD_O_3_SITE,INFORMED_CONSENT_VERIFIED,NEW_TUMOR_EVENT_AFTER_INITIAL_TREATMENT,PATH_M_STAGE,PATH_N_STAGE,PATH_T_STAGE,PERSON_NEOPLASM_CANCER_STATUS,PRIMARY_LYMPH_NODE_PRESENTATION_ASSESSMENT,PRIOR_DX,RACE,RADIATION_THERAPY,WEIGHT,IN_PANCANPATHWAYS_FREEZE,OS_STATUS,OS_MONTHS,DSS_STATUS,DSS_MONTHS,DFS_STATUS,DFS_MONTHS,PFS_STATUS,PFS_MONTHS,GENETIC_ANCESTRY_LABEL,GRADE,SAMPLE_TYPE,TUMOR_TYPE,A2M,ABCC9,ABHD14A,ABI3BP,ABL1,ACBD4,ACTA2,ACTG2,ACTN1,ACVRL1,ADAM33,STAGE_GROUP,STAGE_NUM,AGE_NUM,OS_MONTHS_NUM,OS_EVENT,ACTN1_HIGH,ACTN1_GROUP
TCGA-2F-A9KO,BLCA,BLCA,DD3A6357-9087-44B2-9956-F981E0DE6F1C,63,Male,STAGE IV,6TH,678,-23323,0,Not Hispanic Or Latino,3/19/14,No,C67.4,8120/3,C67.4,Yes,Yes,M0,N1,T3,With Tumor,Yes,No,White,No,65,Yes,1:DECEASED,24.1312424,1:DEAD WITH TUMOR,24.1312424,,,1:PROGRESSION,21.40250518,EUR,High Grade,Primary,Muscle Invasive Urothelial Carcinoma (PT2 or Above),13.201330613419273,6.088637734855187,7.704457019328842,8.62419595959981,10.350243073454974,7.634215702225567,13.062567316684865,12.314005370824317,11.6308404482387,7.501240084097379,7.0717626693000915,Stage IV,4.0,63,24.1312424,1,0,Low ACTN1
TCGA-2F-A9KP,BLCA,BLCA,65D1EAEC-28DB-4A41-A4DB-1A710FCB24AD,66,Male,STAGE IV,7TH,,-24428,0,Not Hispanic Or Latino,3/19/14,No,C67.2,8120/3,C67.2,Yes,Yes,MX,N2,T3A,With Tumor,Yes,No,White,No,130,Yes,1:DECEASED,11.96699214,1:DEAD WITH TUMOR,11.96699214,,,1:PROGRESSION,11.27658875,EUR,High Grade,Primary,Muscle Invasive Urothelial Carcinoma (PT2 or Above),12.814424249418359,3.96024294050529,8.121896088124291,5.682396320395741,10.499377532982109,8.141161974073142,9.948627126915941,8.174790891546317,10.904898000475882,7.690528841401457,4.552862724546945,Stage IV,4.0,66,11.96699214,1,0,Low ACTN1
TCGA-2F-A9KQ,BLCA,BLCA,25EAF3F9-C364-423C-AAAE-925E7B393AFC,69,Male,STAGE III,6TH,2886,-25259,0,Not Hispanic Or Latino,3/19/14,No,C67.9,8120/3,C67.9,Yes,No,M0,N0,T3A,Tumor Free,Yes,No,White,No,72,Yes,0:LIVING,94.88115199,0:ALIVE OR DEAD TUMOR FREE,94.88115199,0:DiseaseFree,94.88115199,0:CENSORED,94.88115199,EUR,High Grade,Primary,Muscle Invasive Urothelial Carcinoma (PT2 or Above),13.102851655125447,4.650052224907405,8.790566798851978,5.551426807713851,9.8358009398274,9.004919870400782,11.39143693842695,8.418759187332425,12.140110799836002,8.379127064968127,2.8128883676765057,Stage III,3.0,69,94.88115199,0,0,Low ACTN1
TCGA-2F-A9KR,BLCA,BLCA,F6D916B0-8E4C-49CB-A0D4-883908F3284F,59,Female,STAGE III,5TH,3148,-21848,0,,3/19/14,No,C67.9,8130/3,C67.9,Yes,Yes,M0,N0,T3A,With Tumor,Yes,No,,No,80,Yes,1:DECEASED,104.6454285,1:DEAD WITH TUMOR,104.6454285,1:Recurred/Progressed,101.4564224,1:PROGRESSION,101.4564224,EUR,High Grade,Primary,Muscle Invasive Urothelial Carcinoma (PT2 or Above),11.919906131447775,5.28499894773723,8.14984363460642,6.3694071553488625,10.677173463221385,7.296732704584347,12.09826900247256,11.548349921667626,11.129881868704441,7.140420800133959,6.681182178962897,Stage III,3.0,59,104.6454285,1,0,Low ACTN1
TCGA-2F-A9KT,BLCA,BLCA,BC6C516B-591E-4950-B6B0-DECAFA666F4E,83,Male,STAGE II,6TH,3314,-30520,0,Not Hispanic Or Latino,3/19/14,No,C67.4,8120/3,C67.4,Yes,No,M0,N0,T2B,Tumor Free,Yes,Yes,White,No,80,Yes,0:LIVING,108.9522307,0:ALIVE OR DEAD TUMOR FREE,108.9522307,0:DiseaseFree,108.9522307,0:CENSORED,108.9522307,EUR,High Grade,Primary,Muscle Invasive Urothelial Carcinoma (PT2 or Above),10.871273824194976,4.9257668601521525,8.121833939603688,5.102330590654308,10.656228199992496,7.294804519994466,11.146791394880381,9.585150339409124,10.921379795895762,7.679972642992378,5.712637046877458,Stage II,2.0,83,108.9522307,0,0,Low ACTN1
TCGA-2F-A9KW,BLCA,BLCA,3B464065-B2E9-4FB2-A7DA-09E963FD43B3,67,Female,STAGE III,7TH,147,-24703,0,Not Hispanic Or Latino,3/19/14,No,C67.9,8120/3,C67.9,Yes,Yes,MX,N0,T3B,With Tumor,Yes,No,White,No,70,Yes,1:DECEASED,8.350593418,1:DEAD WITH TUMOR,8.350593418,,,1:PROGRESSION,2.794489923,EUR,High Grade,Primary,Muscle Invasive Urothelial Carcinoma (PT2 or Above),13.813560762635955,7.4104767918976,7.049053487107725,6.695283979493707,10.517226473789183,6.245590733959856,12.486769671527126,9.194456466846708,11.788938512417724,9.795273430096941,4.192138918791823,Stage III,3.0,67,8.350593418,1,0,Low ACTN1
TCGA-4Z-AA7M,BLCA,BLCA,1ECFDF16-F5E9-4A08-8834-37F4B474179D,65,Male,STAGE III,7TH,495,-23817,0,,9/21/14,No,C67.2,8120/3,C67.2,Yes,No,M0,N0,T3A,Tumor Free,Yes,No,White,No,69,Yes,0:LIVING,16.27379426,0:ALIVE OR DEAD TUMOR FREE,16.27379426,0:DiseaseFree,16.27379426,0:CENSORED,16.27379426,EUR,High Grade,Primary,Muscle Invasive Urothelial Carcinoma (PT2 or Above),10.888514956304874,5.941517176316129,9.008879568871079,4.672979682963802,10.237066520811819,7.89107281096401,11.268489367579342,5.644421615414567,11.79803025751709,7.029342448688062,4.703460663821402,Stage III,3.0,65,16.27379426,0,0,Low ACTN1
TCGA-4Z-AA7N,BLCA,BLCA,7934BD8C-0822-44A3-88A4-A3135A448F2B,65,Male,STAGE III,7TH,655,-24090,0,,9/21/14,No,C67.2,8120/3,C67.2,Yes,,M0,N0,T3A,Tumor Free,Yes,No,White,Yes,90,Yes,1:DECEASED,44.94197324,0:ALIVE OR DEAD TUMOR FREE,44.94197324,0:DiseaseFree,44.94197324,0:CENSORED,44.94197324,EUR,High Grade,Primary,Muscle Invasive Urothelial Carcinoma (PT2 or Above),14.750387724271441,7.136509279109523,7.989383145584285,11.015693807105146,11.133822931897654,7.895084455386742,13.715908381387521,13.565209205202748,12.157890054543477,9.481466463620064,8.24853009242086,Stage III,3.0,65,44.94197324,1,1,High ACTN1
TCGA-4Z-AA7O,BLCA,BLCA,835084D6-9F1E-408B-A58C-9D60493BBC6A,64,Male,STAGE II,7TH,512,-23645,0,,9/21/14,No,C67.2,8130/3,C67.2,Yes,No,M0,N0,T2A,Tumor Free,Yes,No,Black or African American,No,71,Yes,0:LIVING,16.83269224,0:ALIVE OR DEAD TUMOR FREE,16.83269224,0:DiseaseFree,16.83269224,0:CENSORED,16.83269224, ,High Grade,Primary,Muscle Invasive Urothelial Carcinoma (PT2 or Above),12.485487206558554,4.5613322469663515,8.941848718048687,6.746863615950233,9.605581373551086,8.521274569757722,11.323358809222118,8.987926220551634,10.839014776365659,8.09268843952024,5.4449419848242275,Stage II,2.0,64,16.83269224,0,0,Low ACTN1
TCGA-4Z-AA7Q,BLCA,BLCA,FFAFCBFD-0EB3-4E14-ACD0-4407B641A4A5,79,Male,STAGE III,7TH,,-28981,0,,9/5/14,No,C67.9,8120/3,C67.9,Yes,No,M0,NX,T3A,Tumor Free,No,No,White,No,65,Yes,1:DECEASED,16.76693954,0:ALIVE OR DEAD TUMOR FREE,16.76693954,,,0:CENSORED,16.76693954,EUR,High Grade,Primary,Muscle Invasive Urothelial Carcinoma (PT2 or Above),13.235411447742868,5.983032350166413,7.7652429954413975,8.331776862268574,10.101122141193907,8.274303599456813,11.67757430789743,10.94291764122099,11.038226274539335,8.138502203341366,6.60030692669436,Stage III,3.0,79,16.76693954,1,0,Low ACTN1
TCGA-4Z-AA7R,BLCA,BLCA,72FE54B5-C1C8-468A-954A-09992429512A,73,Male,STAGE IV,7TH,493,-26781,0,,10/1/14,No,C67.0,8130/3,C67.0,Yes,No,M0,N0,T4B,With Tumor,Yes,No,Black or African American,No,69,Yes,1:DECEASED,17.16145577,1:DEAD WITH TUMOR,17.16145577,,,1:PROGRESSION,11.60535227, ,High Grade,Primary,Muscle Invasive Urothelial Carcinoma (PT2 or Above),11.835722791374259,5.295476922675441,9.37552169756757,4.232775860845298,10.720073211391771,8.145443100103142,11.92218297885403,8.868513923895463,12.285043812597868,8.465443964391127,3.702214251010441,Stage IV,4.0,73,17.16145577,1,1,High ACTN1
TCGA-4Z-AA7S,BLCA,BLCA,F001CC02-8119-4726-B41C-14AC1E6A4216,66,Male,STAGE III,7TH,,-24111,0,,9/5/14,No,C67.9,8130/3,C67.9,Yes,No,M0,N0,T4A,Tumor Free,Yes,No,Black or African American,No,,Yes,1:DECEASED,34.98043857,0:ALIVE OR DEAD TUMOR FREE,34.98043857,,,0:CENSORED,34.98043857, ,High Grade,Primary,Muscle Invasive Urothelial Carcinoma (PT2 or Above),12.851961760797193,5.575182215997281,8.024929096211306,6.674277026196833,10.191947512799304,8.630707603140026,10.856402183856707,9.250670296281081,11.10704702898344,7.952152985195048,5.9294667335559845,Stage III,3.0,66,34.98043857,1,0,Low ACTN1
TCGA-4Z-AA7W,BLCA,BLCA,821B99BC-7E14-45B9-898D-6E8E149BC8A7,55,Male,STAGE II,7TH,840,-20424,0,,10/1/14,No,C67.2,8120/3,C67.2,Yes,No,M0,N0,T2A,With Tumor,Yes,No,White,No,67,Yes,0:LIVING,27.61613571,0:ALIVE OR DEAD TUMOR FREE,27.61613571,1:Recurred/Progressed,24.98602755,1:PROGRESSION,24.98602755,EUR,High Grade,Primary,Muscle Invasive Urothelial Carcinoma (PT2 or Above),12.168634514817478,3.251022189698472,8.253199840146806,5.285923714343143,9.69600250988539,8.526256650355554,12.274247099096982,10.70139310770748,11.890211068108998,8.372120672472743,4.17319140966926,Stage II,2.0,55,27.61613571,0,0,Low ACTN1
TCGA-4Z-AA7Y,BLCA,BLCA,49EA6676-AE27-4CA0-A7B3-48423D606D48,60,Male,STAGE II,7TH,1522,-22056,0,,10/8/14,No,C67.2,8130/3,C67.2,Yes,No,M0,N0,T2A,Tumor Free,Yes,No,White,No,78,Yes,0:LIVING,50.03780781,0:ALIVE OR DEAD TUMOR FREE,50.03780781,0:DiseaseFree,50.03780781,0:CENSORED,50.03780781,EUR,High Grade,Primary,Muscle Invasive Urothelial Carcinoma (PT2 or Above),11.657090637641836,2.7020147249923743,8.374722177376505,3.838840863699494,9.27740364806893,8.018895621121649,10.310646860667436,6.848910824814415,11.666312781304846,7.420061268265146,1.7201033171159712,Stage II,2.0,60,50.03780781,0,0,Low ACTN1
TCGA-4Z-AA80,BLCA,BLCA,5DF620FA-44D9-4361-91D0-F242E3E5E595,73,Male,STAGE II,7TH,,-26873,0,,9/5/14,No,C67.9,8130/3,C67.9,Yes,No,M0,N0,T2A,Tumor Free,Yes,No,White,No,92,Yes,1:DECEASED,0.624650689,0:ALIVE OR DEAD TUMOR FREE,0.624650689,,,0:CENSORED,0.624650689,EUR,High Grade,Primary,Muscle Invasive Urothelial Carcinoma (PT2 or Above),10.792627636311051,3.2067057310799103,8.613023260871476,4.085815531501006,10.221852919985102,8.542695281090143,9.45191373929045,6.879056309343877,11.091508114304585,6.221252628565561,1.5543432656627643,Stage II,2.0,73,0.624650689,1,0,Low ACTN1
TCGA-4Z-AA81,BLCA,BLCA,35C7BB8A-7B5C-488D-9D3A-725B24D14478,80,Male,STAGE II,7TH,710,-29457,0,,9/21/14,No,C67.4,8130/3,C67.4,Yes,No,M0,N0,T2B,Tumor Free,Yes,No,White,No,78,Yes,1:DECEASED,41.75296709,0:ALIVE OR DEAD TUMOR FREE,41.75296709,0:DiseaseFree,41.75296709,0:CENSORED,41.75296709, ,High Grade,Primary,Muscle Invasive Urothelial Carcinoma (PT2 or Above),10.399064255219345,2.8197907869304535,8.294381811456368,3.295047062012136,9.950453833151462,7.456609046280391,9.14178273364677,4.625942577250098,11.047226178931707,6.614263717391666,1.407570294781405,Stage II,2.0,80,41.75296709,1,0,Low ACTN1
TCGA-4Z-AA82,BLCA,BLCA,32E79B35-A33A-4CA0-BFB7-7EA7E4E26568,59,Male,STAGE IV,7TH,1538,-21893,0,,9/21/14,No,C67.4,8120/3,C67.4,Yes,,M0,N1,T2A,With Tumor,Yes,No,Black or African American,No,61,Yes,1:DECEASED,51.15560377,1:DEAD WITH TUMOR,51.15560377,,,1:PROGRESSION,37.80780485, ,High Grade,Primary,Muscle Invasive Urothelial Carcinoma (PT2 or Above),12.48155728070859,5.349927835951304,6.619892753117075,5.963356206580624,11.844827356749112,6.466403618762855,13.04651868506437,12.146384110974875,13.400532592900086,7.509680008933415,5.466692369359298,Stage IV,4.0,59,51.15560377,1,1,High ACTN1
TCGA-4Z-AA83,BLCA,BLCA,7976DBB0-57B0-463E-A766-126E23825743,52,Male,STAGE II,7TH,2024,-19280,0,,9/21/14,No,C67.9,8130/3,C67.9,Yes,No,M0,N0,T2A,Tumor Free,Yes,No,White,No,101,Yes,0:LIVING,66.54173653,0:ALIVE OR DEAD TUMOR FREE,66.54173653,0:DiseaseFree,66.54173653,0:CENSORED,66.54173653,EUR,High Grade,Primary,Muscle Invasive Urothelial Carcinoma (PT2 or Above),12.832888036785315,5.456290339542648,9.37296515312883,5.62014063092504,9.513792722986311,8.209697043535261,12.48113846541767,9.208865932697655,12.613105702548824,8.241506540822835,3.0462640387560085,Stage II,2.0,52,66.54173653,0,1,High ACTN1
TCGA-4Z-AA84,BLCA,BLCA,8B091AC3-D03A-4DD2-BDDE-F7F5C6987155,61,Male,STAGE IV,7TH,460,-22397,0,,9/21/14,No,C67.9,8120/3,C67.9,Yes,,M1,N2,T3A,With Tumor,Yes,Yes,White,No,63,Yes,0:LIVING,15.12312194,0:ALIVE OR DEAD TUMOR FREE,15.12312194,,,0:CENSORED,15.12312194,EUR,High Grade,Primary,Muscle Invasive Urothelial Carcinoma (PT2 or Above),11.49729300866279,4.838336650530711,9.082572205323633,4.61120779765445,10.824338264158609,8.9778236941404,9.88138931627016,6.730938788344817,11.747534259982958,7.554619546990261,4.482648253342169,Stage IV,4.0,61,15.12312194,0,0,Low ACTN1
TCGA-4Z-AA86,BLCA,BLCA,939B73D8-39FD-410E-AEAE-53080EA99618,66,Male,STAGE IV,7TH,270,-24465,0,,9/21/14,No,C67.1,8120/3,C67.1,Yes,No,M0,N1,T3A,With Tumor,Yes,No,Black or African American,No,,Yes,1:DECEASED,10.22454548,1:DEAD WITH TUMOR,10.22454548,,,1:PROGRESSION,4.471183877,AFR_ADMIX,High Grade,Primary,Muscle Invasive Urothelial Carcinoma (PT2 or Above),12.415820977043944,6.057833640195418,8.305710659307152,6.114698090472785,11.35480585291221,6.100691770734963,12.854013185018458,11.007672059340608,14.461313169658878,8.999661828718796,6.481928562225892,Stage IV,4.0,66,10.22454548,1,1,High ACTN1
TCGA-4Z-AA87,BLCA,BLCA,45B4B153-E4AA-4080-B0DC-EE81A966978A,72,Male,STAGE III,7TH,1454,-26430,0,,9/5/14,No,C67.9,8120/3,C67.9,Yes,Yes,M0,N0,T4A,Tumor Free,Yes,No,Black or African American,No,52,Yes,0:LIVING,47.80221587,0:ALIVE OR DEAD TUMOR FREE,47.80221587,,,1:PROGRESSION,7.265673801, ,High Grade,Primary,Muscle Invasive Urothelial Carcinoma (PT2 or Above),11.287025493218067,5.155676383804568,6.673231328724897,6.803472459736518,10.34361879213781,6.374477887740439,11.819352846860475,9.960643470032926,11.172646271635845,7.146665403705043,3.681494243414785,Stage III,3.0,72,47.80221587,0,0,Low ACTN1
TCGA-4Z-AA89,BLCA,BLCA,604C0D60-6BA9-4D2F-98DB-E310C58BC8CA,60,Male,STAGE IV,7TH,902,-22271,0,,10/1/14,No,C67.0,8130/3,C67.0,Yes,Yes,M0,N0,T4B,With Tumor,Yes,Yes,White,No,93,Yes,0:LIVING,33.82976625,0:ALIVE OR DEAD TUMOR FREE,33.82976625,,,1:PROGRESSION,21.30387612, ,High Grade,Primary,Muscle Invasive Urothelial Carcinoma (PT2 or Above),10.407618302924373,1.9513639881528442,9.159117003561835,2.3260483135960213,9.906669666015029,8.484927594080657,9.04071164419722,4.357425323394261,11.616383429769495,6.137312927866829,2.150852085124345,Stage IV,4.0,60,33.82976625,0,0,Low ACTN1
TCGA-5N-A9KI,BLCA,BLCA,4FECE3D0-649C-4771-B9C4-A3397CEA0FEB,76,Female,STAGE III,7TH,,-27777,0,Not Hispanic Or Latino,12/16/14,No,C67.9,8120/3,C67.9,Yes,No,MX,NX,T4,Tumor Free,,No,White,No,61,Yes,1:DECEASED,2.498602755,0:ALIVE OR DEAD TUMOR FREE,2.498602755,0:DiseaseFree,2.498602755,0:CENSORED,2.498602755,EUR,High Grade,Primary,Muscle Invasive Urothelial Carcinoma (PT2 or Above),13.194616824963882,6.826370522741577,7.997213359875425,7.142433860931915,10.50169788348369,8.729461001689847,13.481395824154129,12.465494982494926,11.963167027293828,8.324869094735792,7.215930929700154,Stage III,3.0,76,2.498602755,1,0,Low ACTN1
TCGA-5N-A9KM,BLCA,BLCA,9743E684-25DD-4DD9-9B84-6AE9518D1818,73,Female,STAGE III,7TH,,-26906,0,Not Hispanic Or Latino,12/16/14,No,C67.9,8120/3,C67.9,Yes,Yes,MX,N0,T4A,With Tumor,Yes,No,White,No,68,Yes,1:DECEASED,17.42446658,1:DEAD WITH TUMOR,17.42446658,1:Recurred/Progressed,9.073873163,1:PROGRESSION,9.073873163,EUR,High Grade,Primary,Muscle Invasive Urothelial Carcinoma (PT2 or Above),12.245754716952916,5.991440213870013,10.131689793744826,5.481857541848124,8.883739936339419,9.408629076894394,11.899779850048288,10.416818634913847,12.298188611819233,7.542544393218282,6.238590080292128,Stage III,3.0,73,17.42446658,1,1,High ACTN1
TCGA-BL-A0C8,,BLCA,a6003b1c-56a9-430a-a5e2-b70af3f81bdb,73,Male,STAGE I,,1219,-26819,0,Not Hispanic Or Latino,11/9/10,No,C67.1,8120/3,C67.1,Yes,No,M0,NX,T1,,,No,White,No,134.4,No,0:LIVING,40.07627314,0:ALIVE OR DEAD TUMOR FREE,40.07627314,1:Recurred/Progressed,20.71210179,1:PROGRESSION,20.71210179,EUR,High Grade,Primary,Bladder Urothelial Carcinoma,14.152704722089604,5.521182684681573,8.539399240246308,5.55737945417213,10.27160308858512,7.415978325534213,12.979475213608954,10.323764108077427,11.474623628463204,9.631720920161227,2.8909719209462934,Stage I,1.0,73,40.07627314,0,0,Low ACTN1
TCGA-BL-A13I,BLCA,BLCA,ebc094a6-cdc9-4c02-b8ec-a181b25a364d,57,Female,STAGE III,7TH,,-20885,0,Not Hispanic Or Latino,2/28/11,No,C67.9,8120/3,C67.9,Yes,,M0,N0,T3,With Tumor,,No,White,No,51,Yes,1:DECEASED,7.331426505,1:DEAD WITH TUMOR,7.331426505,,,1:PROGRESSION,7.101292041,EUR,High Grade,Primary,Muscle Invasive Urothelial Carcinoma (PT2 or Above),14.14345496427991,6.610032649514673,8.711787408194887,5.077542104929244,11.170932782625659,7.460758943068155,12.583616390729432,8.214882487641146,12.462141809424908,10.536072332962792,3.049909522443058,Stage III,3.0,57,7.331426505,1,1,High ACTN1
TCGA-BL-A13J,BLCA,BLCA,556fcbc8-172a-4af1-8822-ae036e8d68e8,65,Male,STAGE IV,,,-23927,0,Not Hispanic Or Latino,2/25/11,No,C67.4,8120/3,C67.4,Yes,,M0,N2,T4,With Tumor,,No,White,No,68,Yes,1:DECEASED,2.662984515,1:DEAD WITH TUMOR,2.662984515,,,1:PROGRESSION,2.662984515,EUR,High Grade,Primary,Muscle Invasive Urothelial Carcinoma (PT2 or Above),12.957176424072156,7.098453246309274,8.294763173537238,7.1129919779477,10.29211453252546,8.048497772497278,12.918520407433274,12.110356065157921,12.538669103679423,7.076366688759865,6.311637526301144,Stage IV,4.0,65,2.662984515,1,1,High ACTN1
TCGA-BL-A3JM,BLCA,BLCA,0F4FB205-B13C-4A85-97B3-779429E6CCDD,62,Male,STAGE III,7TH,,-23000,0,Not Hispanic Or Latino,3/26/12,No,C67.9,8120/3,C67.9,Yes,Yes,M0,N0,T3,With Tumor,Yes,No,White,No,86.36,Yes,1:DECEASED,6.739652168,1:DEAD WITH TUMOR,6.739652168,,,1:PROGRESSION,3.649275076,EUR,High Grade,Primary,Muscle Invasive Urothelial Carcinoma (PT2 or Above),11.859297941330269,7.110164850799124,8.811104915625782,7.404000474394153,10.747949583986925,7.808127587455465,10.39780296186249,4.93389362108095,11.755772217378864,8.099184725356215,2.9203695304316737,Stage III,3.0,62,6.739652168,1,0,Low ACTN1
TCGA-BL-A5ZZ,BLCA,BLCA,C1AFC5EB-8C1D-4B6C-8453-48728FC023BA,80,Female,STAGE III,7TH,377,-29247,0,Not Hispanic Or Latino,6/7/13,No,C67.4,8120/3,C67.4,Yes,Yes,MX,N0,T4A,Tumor Free,Yes,Yes,White,No,71,Yes,0:LIVING,12.39438472,0:ALIVE OR DEAD TUMOR FREE,12.39438472,1:Recurred/Progressed,7.956077194,1:PROGRESSION,7.956077194,EUR,High Grade,Primary,Muscle Invasive Urothelial Carcinoma (PT2 or Above),15.002476624565652,8.95426611652259,7.942784252363194,4.051728815739967,11.909026756781406,7.575607314719536,14.007929545360405,12.843041665569869,13.83698725010174,10.515315462585589,8.762448482547779,Stage III,3.0,80,12.39438472,0,1,High ACTN1
TCGA-BT-A0S7,BLCA,BLCA,68bc786e-07c7-4964-bc88-5e2a8633626a,75,Male,STAGE III,6TH,,-27533,0,Not Hispanic Or Latino,9/9/11,No,C67.9,8120/3,C67.9,Yes,No,MX,N0,T4A,With Tumor,Yes,No,White,No,104,Yes,1:DECEASED,6.575270408,1:DEAD WITH TUMOR,6.575270408,,,1:PROGRESSION,6.575270408,EUR,High Grade,Primary,Muscle Invasive Urothelial Carcinoma (PT2 or Above),12.635665979247506,7.931564876020142,8.479557982964295,6.457630404742875,10.735784467795364,7.203015129083484,12.071874598009124,7.917992588350074,11.769775870861936,8.979599537243654,4.976721057188696,Stage III,3.0,75,6.575270408,1,0,Low ACTN1
TCGA-BT-A0YX,BLCA,BLCA,22473ad4-df39-4716-b558-3c1409d5fa0e,70,Female,STAGE III,6TH,363,-25570,0,Not Hispanic Or Latino,3/18/11,No,C67.9,8120/3,C67.9,Yes,Yes,M0,N0,T3B,With Tumor,,No,White,No,,Yes,1:DECEASED,13.15054082,1:DEAD WITH TUMOR,13.15054082,,,1:PROGRESSION,10.71769077,EUR,High Grade,Primary,Muscle Invasive Urothelial Carcinoma (PT2 or Above),11.905601362443301,4.600257857887396,7.592427136542872,6.887049980409957,10.797937070501403,6.945186293790063,11.28033000818159,9.149221252772328,11.99127736082815,8.107180451861664,2.9049657186840263,Stage III,3.0,70,13.15054082,1,0,Low ACTN1
TCGA-BT-A20J,BLCA,BLCA,74b1e72d-fdd0-4d84-8858-3bb32d58ff7e,75,Male,STAGE II,5TH,,-27646,0,Not Hispanic Or Latino,10/5/11,No,C67.4,8120/3,C67.4,Yes,Yes,MX,N0,T2B,With Tumor,Yes,No,White,No,,Yes,1:DECEASED,19.03540783,1:DEAD WITH TUMOR,19.03540783,,,1:PROGRESSION,8.350593418,EUR,High Grade,Primary,Muscle Invasive Urothelial Carcinoma (PT2 or Above),12.716335052802814,5.111761658836178,7.517063053270642,8.157311562371277,11.19819945543749,7.105929454989564,10.749534267669262,9.345567138845439,11.605090549124364,9.192906754017995,4.271649772457207,Stage II,2.0,75,19.03540783,1,0,Low ACTN1
TCGA-BT-A20N,BLCA,BLCA,ebedab7c-dd7c-448e-8324-78c86f13be8b,72,Male,STAGE III,6TH,,-26456,0,,10/5/11,No,C67.0,8120/3,C67.0,Yes,No,MX,N0,T3A,With Tumor,Yes,Yes,,No,,Yes,1:DECEASED,26.13669987,1:DEAD WITH TUMOR,26.13669987,,,1:PROGRESSION,26.13669987,EUR,High Grade,Primary,Muscle Invasive Urothelial Carcinoma (PT2 or Above),10.911931212309048,5.30237389132976,7.7732579150276955,3.5648902770864046,10.51051694059471,6.714369171941663,11.1239726393574,9.177434488119452,12.198883922329927,6.921959917326167,4.319032587613363,Stage III,3.0,72,26.13669987,1,1,High ACTN1
TCGA-BT-A20O,BLCA,BLCA,c0e7fbe7-b9cb-4e65-941b-cd7d581c54ec,75,Male,STAGE III,6TH,,-27534,0,Not Hispanic Or Latino,10/5/11,No,C67.2,8120/3,C67.2,Yes,Yes,MX,N0,T3A,With Tumor,Yes,No,White,No,,Yes,1:DECEASED,12.16425026,1:DEAD WITH TUMOR,12.16425026,,,1:PROGRESSION,10.35605089,EUR,High Grade,Primary,Muscle Invasive Urothelial Carcinoma (PT2 or Above),13.911185980853388,9.9659501850527,7.791807560790454,8.469365053704843,11.032941104971702,7.757530021501844,11.791219878768459,6.880183481904352,12.651854460367796,9.052282743914514,3.8223528568017406,Stage III,3.0,75,12.16425026,1,1,High ACTN1
TCGA-BT-A20P,BLCA,BLCA,f48937ed-e294-41f0-8872-7010391167a9,81,Female,STAGE III,6TH,,-29634,0,Not Hispanic Or Latino,10/5/11,No,C67.0,8120/3,C67.0,Yes,,M0,N0,T3A,,Yes,No,White,No,,Yes,1:DECEASED,17.88473551,,17.88473551,,,0:CENSORED,17.88473551,EUR,High Grade,Primary,Muscle Invasive Urothelial Carcinoma (PT2 or Above),11.491196721169295,5.373731722378729,9.989664137270223,5.857426197096428,9.958871668019457,9.401892808318781,11.831125113832352,9.510416059676693,12.346358596325775,7.77480023483819,3.2106382283801502,Stage III,3.0,81,17.88473551,1,1,High ACTN1
TCGA-BT-A20Q,BLCA,BLCA,419deaac-ea45-4bdd-9fa0-b5cd8429b44f,73,Male,STAGE IV,6TH,,-26778,0,Not Hispanic Or Latino,10/5/11,No,C67.0,8120/3,C67.0,Yes,Yes,M0,N2,T3B,With Tumor,Yes,No,White,No,,Yes,1:DECEASED,19.49567676,1:DEAD WITH TUMOR,19.49567676,,,1:PROGRESSION,19.49567676,EUR,High Grade,Primary,Muscle Invasive Urothelial Carcinoma (PT2 or Above),13.141284933781565,6.6062230829312725,8.35369379881572,7.2478136119705034,10.6449287953856,8.643390845583253,13.611393725845582,12.553134872581152,13.211290595761232,8.543263870499562,6.2586018358369175,Stage IV,4.0,73,19.49567676,1,1,High ACTN1
TCGA-BT-A20R,BLCA,BLCA,f8780a4b-7f55-41d1-bf92-8513955d150e,79,Female,STAGE IV,6TH,,-28987,0,Not Hispanic Or Latino,10/5/11,No,C67.0,8120/3,C67.0,Yes,,M0,N1,T3B,,Yes,No,White,No,,Yes,1:DECEASED,5.062958214,,5.062958214,,,0:CENSORED,5.062958214,EUR,High Grade,Primary,Muscle Invasive Urothelial Carcinoma (PT2 or Above),13.676034192135143,9.206877611632372,7.6961051278772015,8.674036865451143,11.1383614057771,7.533111656655195,14.019251905417727,9.29711803244921,12.396717152902818,8.830578585926938,7.334326924404505,Stage IV,4.0,79,5.062958214,1,1,High ACTN1
TCGA-BT-A20T,BLCA,BLCA,096b4f32-10c1-4737-a0dd-cae04c54ee33,63,Male,STAGE IV,6TH,,-23220,0,Not Hispanic Or Latino,10/5/11,No,C67.3,8120/3,C67.3,Yes,Yes,M0,N1,T3B,With Tumor,Yes,No,White,No,,Yes,1:DECEASED,14.89298747,1:DEAD WITH TUMOR,14.89298747,,,1:PROGRESSION,10.32317454,EUR,High Grade,Primary,Muscle Invasive Urothelial Carcinoma (PT2 or Above),12.863096359083894,6.2690555948548745,7.46335271095759,8.243559602883584,10.22170794493565,8.49494756211617,14.003069855160668,12.822198358834918,11.530655056182674,8.48530203509275,6.223372348216937,Stage IV,4.0,63,14.89298747,1,0,Low ACTN1
TCGA-BT-A20U,BLCA,BLCA,83b41d35-69b1-4218-be1a-8821d8a6899c,70,Female,STAGE III,6TH,,-25761,0,Not Hispanic Or Latino,10/5/11,No,C67.0,8120/3,C67.0,Yes,No,M0,N0,T3A,Tumor Free,Yes,No,White,No,,Yes,1:DECEASED,14.95874018,0:ALIVE OR DEAD TUMOR FREE,14.95874018,0:DiseaseFree,14.95874018,0:CENSORED,14.95874018,EUR,High Grade,Primary,Muscle Invasive Urothelial Carcinoma (PT2 or Above),11.428642821111222,5.127092580445635,7.701424298903223,4.689712897456401,11.239843134221895,7.726987845548095,12.339059420970084,9.856985689782205,11.961380958543701,7.740259741186965,4.828768655574688,Stage III,3.0,70,14.95874018,1,0,Low ACTN1
TCGA-BT-A20V,BLCA,BLCA,24f21425-b001-4986-aedf-5b4dd851c6ad,59,Female,STAGE IV,6TH,,-21551,0,Not Hispanic Or Latino,10/5/11,No,C67.2,8120/3,C67.2,Yes,,M0,N2,T4A,,Yes,No,Black or African American,No,,Yes,1:DECEASED,5.062958214,,5.062958214,,,0:CENSORED,5.062958214,AFR_ADMIX,High Grade,Primary,Muscle Invasive Urothelial Carcinoma (PT2 or Above),9.070131680772061,1.1604684687541478,6.316448082689048,6.398911248565027,10.498191019976739,6.84884824613899,9.277171142824127,6.300596001726527,11.376564969773563,7.1667254859604395,2.412429275099015,Stage IV,4.0,59,5.062958214,1,0,Low ACTN1
TCGA-BT-A20W,BLCA,BLCA,4dc5cffe-ed8c-47ab-b5fc-f9615b5414f7,71,Male,STAGE II,6TH,,-26078,0,Not Hispanic Or Latino,10/5/11,No,C67.2,8120/3,C67.2,Yes,No,M0,N0,T2B,Tumor Free,Yes,No,White,No,,Yes,1:DECEASED,8.350593418,0:ALIVE OR DEAD TUMOR FREE,8.350593418,0:DiseaseFree,8.350593418,0:CENSORED,8.350593418,EUR,High Grade,Primary,Muscle Invasive Urothelial Carcinoma (PT2 or Above),13.942798544616446,6.219737740156428,8.212535294270026,9.015760700223906,10.910575278215571,8.263344326555412,11.594347933216184,9.194850404992405,11.031845912921469,9.202699317410442,5.650554916620642,Stage II,2.0,71,8.350593418,1,0,Low ACTN1
TCGA-BT-A20X,BLCA,BLCA,be8b3f36-aaa1-4302-b28e-de1996faceaf,56,Male,STAGE IV,6TH,,-20519,0,Not Hispanic Or Latino,10/5/11,No,C67.1,8120/3,C67.1,Yes,,M0,N2,T4A,With Tumor,Yes,No,White,No,,Yes,1:DECEASED,8.251964362,1:DEAD WITH TUMOR,8.251964362,,,1:PROGRESSION,8.251964362,EUR,High Grade,Primary,Muscle Invasive Urothelial Carcinoma (PT2 or Above),12.522939463525384,6.874489610597882,6.022023744724314,6.330843397365493,10.910200486031757,5.102217193850083,11.806364339368786,9.253162012484141,13.122145302692587,8.77489575170837,4.668482249541329,Stage IV,4.0,56,8.251964362,1,1,High ACTN1
TCGA-BT-A2LA,BLCA,BLCA,797A71EE-372D-41E5-AEEE-5AB3C4661110,54,Male,STAGE III,7TH,522,-20032,0,Not Hispanic Or Latino,3/22/12,No,C67.1,8120/3,C67.1,Yes,No,M0,N0,T3A,Tumor Free,Yes,No,White,No,95,Yes,0:LIVING,17.16145577,0:ALIVE OR DEAD TUMOR FREE,17.16145577,0:DiseaseFree,17.16145577,0:CENSORED,17.16145577,EUR,High Grade,Primary,Muscle Invasive Urothelial Carcinoma (PT2 or Above),11.043827039700588,6.306814520525701,8.235281892175626,4.597817182063953,11.836519864838017,5.813663205998232,11.13359178016021,7.054653153073455,10.711813214307757,8.393570648991268,6.661151012550521,Stage III,3.0,54,17.16145577,0,0,Low ACTN1
TCGA-BT-A2LB,BLCA,BLCA,D17A5AB1-3789-4652-AFF5-D8F4F2291F9C,73,Female,STAGE III,7TH,170,-26846,0,Not Hispanic Or Latino,3/26/12,No,C67.1,8120/3,C67.1,Yes,No,M0,N0,T3A,Tumor Free,Yes,No,White,No,82,Yes,1:DECEASED,16.1751652,0:ALIVE OR DEAD TUMOR FREE,16.1751652,0:DiseaseFree,16.1751652,0:CENSORED,16.1751652,EUR,High Grade,Primary,Muscle Invasive Urothelial Carcinoma (PT2 or Above),13.322209843748894,6.283471785691662,9.138532920983954,6.039833686080018,10.501399335143807,8.399918742571423,13.783110787143155,12.477603972784115,12.348241273143765,8.56767473195546,6.152420738285908,Stage III,3.0,73,16.1751652,1,1,High ACTN1
TCGA-BT-A2LD,BLCA,BLCA,9DD97821-7AFD-4982-8B1D-F14F845B79F7,78,Female,STAGE IV,7TH,111,-28673,0,Not Hispanic Or Latino,3/27/12,No,C67.0,8120/3,C67.0,Yes,Yes,M0,N1,T3A,Tumor Free,Yes,Yes,White,No,100,Yes,1:DECEASED,20.48196732,1:DEAD WITH TUMOR,20.48196732,,,1:PROGRESSION,18.24637538,EUR,High Grade,Primary,Muscle Invasive Urothelial Carcinoma (PT2 or Above),13.008253527096048,5.422044576713188,7.491556511865711,7.929388615236556,10.168107965472785,7.689187319376032,12.518485962511397,11.266265343238235,11.759929782825099,7.859882606334096,5.866116701534333,Stage IV,4.0,78,20.48196732,1,0,Low ACTN1
TCGA-BT-A3PH,BLCA,BLCA,932BCDD4-5145-49E8-9A95-8A546396F572,76,Male,STAGE IV,7TH,,-28030,0,Not Hispanic Or Latino,7/5/12,No,C67.9,8120/3,C67.9,Yes,No,MX,N2,T3B,With Tumor,Yes,No,White,No,,Yes,1:DECEASED,4.66844199,1:DEAD WITH TUMOR,4.66844199,,,1:PROGRESSION,4.66844199,EUR,High Grade,Primary,Muscle Invasive Urothelial Carcinoma (PT2 or Above),13.207801362904412,5.44716589977438,9.443689524499787,5.981722530938675,10.322130959613895,7.404409290513322,10.978760502169472,9.277280424956166,12.056488696661882,8.220832952900865,4.03332608441684,Stage IV,4.0,76,4.66844199,1,0,Low ACTN1
TCGA-BT-A3PJ,BLCA,BLCA,CB664EEF-BE6F-44EF-AA90-6F6DA0E6440A,76,Male,STAGE III,7TH,789,-27821,0,Not Hispanic Or Latino,7/5/12,No,C67.2,8120/3,C67.2,Yes,No,M0,N0,T3B,Tumor Free,Yes,No,White,No,,Yes,0:LIVING,25.93944176,0:ALIVE OR DEAD TUMOR FREE,25.93944176,0:DiseaseFree,25.93944176,0:CENSORED,25.93944176,EUR,High Grade,Primary,Muscle Invasive Urothelial Carcinoma (PT2 or Above),10.949155533710071,4.876767401239641,8.063837260222874,4.3764570950111645,10.513194627941287,6.073102562480321,9.267212728545967,8.317055287673353,13.860175238073696,7.865071303917935,2.1723915033286225,Stage III,3.0,76,25.93944176,0,1,High ACTN1
TCGA-BT-A3PK,BLCA,BLCA,73041FCF-F3B6-4851-B34D-1D62A1FCF6FE,80,Male,STAGE II,7TH,63,-29314,0,Not Hispanic Or Latino,7/5/12,No,C67.4,8120/3,C67.4,Yes,No,MX,N0,T2B,Tumor Free,Yes,Yes,White,No,90,Yes,1:DECEASED,9.961534668,1:DEAD WITH TUMOR,9.961534668,,,1:PROGRESSION,9.961534668,EUR,High Grade,Primary,Muscle Invasive Urothelial Carcinoma (PT2 or Above),14.03746973819837,8.339275482145977,7.612883237394957,6.330841605105345,11.161238978641046,7.722384050833131,12.109820862197774,9.703071275481145,13.322392951006847,9.874583360904847,4.922602241181938,Stage II,2.0,80,9.961534668,1,1,High ACTN1
TCGA-BT-A42C,BLCA,BLCA,B9808EF9-E917-45F9-9E0F-B86F7834B5FF,64,Male,STAGE II,7TH,873,-23584,0,Not Hispanic Or Latino,1/10/13,No,C67.2,8130/3,C67.2,Yes,No,M0,N0,,Tumor Free,Yes,Yes,White,No,59,Yes,0:LIVING,28.70105533,0:ALIVE OR DEAD TUMOR FREE,28.70105533,0:DiseaseFree,28.70105533,0:CENSORED,28.70105533,EUR,High Grade,Primary,Muscle Invasive Urothelial Carcinoma (PT2 or Above),11.635491406251711,5.889836117683563,7.8758537683574135,5.1559556178451045,9.814877223008768,8.56337552523607,9.735528946683063,6.418318151817881,11.31798912432165,7.5535755398063085,3.8681039600008935,Stage II,2.0,64,28.70105533,0,0,Low ACTN1
TCGA-BT-A42E,BLCA,BLCA,8D434CFB-2414-4D93-BF79-7B957BF040DB,74,Male,STAGE III,7TH,1108,-27045,0,Not Hispanic Or Latino,1/10/13,No,C67.4,8130/3,C67.4,Yes,No,M0,N0,T3A,Tumor Free,Yes,No,White,No,83,Yes,0:LIVING,36.42699806,0:ALIVE OR DEAD TUMOR FREE,36.42699806,0:DiseaseFree,36.42699806,0:CENSORED,36.42699806,EUR,High Grade,Primary,Muscle Invasive Urothelial Carcinoma (PT2 or Above),11.290658238569694,5.1558827793926625,7.541104361342372,3.6998514225406303,11.190077749404086,6.676493093841772,11.031570261972531,7.70672393033358,13.078862970949409,7.618157883559115,2.8518989240239416,Stage III,3.0,74,36.42699806,0,1,High ACTN1
TCGA-BT-A42F,BLCA,BLCA,DA98BE9D-7ACF-43CE-AA24-38D1D2604506,64,Male,STAGE IV,7TH,864,-23713,0,Not Hispanic Or Latino,1/10/13,No,C67.4,8120/3,C67.4,Yes,No,MX,N1,T4A,Tumor Free,Yes,No,White,No,102,Yes,0:LIVING,28.40516816,0:ALIVE OR DEAD TUMOR FREE,28.40516816,,,0:CENSORED,28.40516816,EUR,High Grade,Primary,Muscle Invasive Urothelial Carcinoma (PT2 or Above),11.886291019341447,4.1015996548368046,8.097731929048068,3.932184037151307,10.072909694541352,7.600344098921918,10.240850946427823,7.705964082698323,12.518967819660219,8.518330553845113,5.03822545131405,Stage IV,4.0,64,28.40516816,0,1,High ACTN1
TCGA-C4-A0EZ,BLCA,BLCA,05935f1d-77c2-46ca-b87a-7a84bce38afd,69,Female,STAGE IV,5TH,,-25202,0,,8/19/10,No,C67.9,8120/3,C67.9,Yes,No,M1,N1,T3A,With Tumor,,Yes,,No,76,Yes,1:DECEASED,8.975244107,1:DEAD WITH TUMOR,8.975244107,,,1:PROGRESSION,8.975244107,EUR,High Grade,Primary,Muscle Invasive Urothelial Carcinoma (PT2 or Above),12.567704199552253,7.171777274247818,9.105992292420122,5.711486646922011,10.875971996060404,7.898087397149947,12.456051468686065,11.768378711528461,11.980635865066596,7.931015206977641,4.698529657768234,Stage IV,4.0,69,8.975244107,1,0,Low ACTN1
TCGA-C4-A0F0,BLCA,BLCA,40398c03-a9cc-476b-9ee9-aecf161be43f,60,Male,STAGE II,5TH,59,-22068,0,,8/19/10,No,C67.9,8120/3,C67.9,Yes,,M0,N0,T2B,Tumor Free,,No,,,80,Yes,0:LIVING,1.93970477,0:ALIVE OR DEAD TUMOR FREE,1.93970477,,,0:CENSORED,1.93970477,EUR,High Grade,Primary,Muscle Invasive Urothelial Carcinoma (PT2 or Above),11.999816833729126,7.2757427386859375,7.973175003231558,7.605679518401396,10.259790332907956,4.6375117139529545,11.96105532315028,11.084609106770701,14.64352365533115,8.528680704512453,1.8696740335745061,Stage II,2.0,60,1.93970477,0,1,High ACTN1
TCGA-C4-A0F1,,BLCA,ab20d2d5-ea10-4aba-b495-fbe7b18bb394,71,Male,STAGE III,5TH,89,-26178,0,,8/19/10,No,C67.9,8120/3,C67.9,Yes,,M0,N0,T3B,Tumor Free,,No,,,82,No,0:LIVING,2.925995332,0:ALIVE OR DEAD TUMOR FREE,2.925995332,,,0:CENSORED,2.925995332,EUR,High Grade,Primary,Muscle Invasive Urothelial Carcinoma (PT2 or Above),11.95176189122211,7.470349764632263,7.299253817502881,5.472949100163676,10.827255361769403,3.9006639713233864,11.805042503545117,9.88803694681553,13.484948734468157,8.200555357232117,2.9941633280460263,Stage III,3.0,71,2.925995332,0,1,High ACTN1
TCGA-C4-A0F6,BLCA,BLCA,4ff9b4f2-6d04-4fed-8796-155902a8bf28,82,Female,STAGE III,6TH,700,-29951,0,,8/19/10,No,C67.9,8120/3,C67.9,Yes,No,M0,N0,T3B,Tumor Free,,No,,,68,Yes,0:LIVING,23.01344643,0:ALIVE OR DEAD TUMOR FREE,23.01344643,,,0:CENSORED,23.01344643,EUR,High Grade,Primary,Muscle Invasive Urothelial Carcinoma (PT2 or Above),12.36568816347922,6.750030276413471,8.58555974299724,6.40665401025332,10.3667156228855,7.950520904525134,12.413170403694066,10.969947660146246,12.101466896691587,8.108791017104279,4.818180787213719,Stage III,3.0,82,23.01344643,0,0,Low ACTN1
TCGA-C4-A0F7,,BLCA,ca554128-da9d-4f37-9560-ca083509e01d,77,Male,STAGE IV,6TH,,-28428,0,,8/19/10,No,C67.9,8120/3,C67.9,Yes,,M0,N2,T4B,With Tumor,,Yes,,,70,No,1:DECEASED,2.038333827,1:DEAD WITH TUMOR,2.038333827,,,1:PROGRESSION,2.038333827,EUR,High Grade,Primary,Muscle Invasive Urothelial Carcinoma (PT2 or Above),13.809798268264128,7.042928821426186,7.030302968404712,6.264836648467779,10.307052774430678,5.7574500162312905,12.239899805066392,11.995904913904878,12.16311501253249,8.360333546952306,5.181627360869646,Stage IV,4.0,77,2.038333827,1,1,High ACTN1
TCGA-CF-A1HR,BLCA,BLCA,39ea19e1-4959-4f1b-9934-54bdaf766842,62,Male,STAGE III,6TH,389,-22777,0,Not Hispanic Or Latino,6/17/11,No,C67.9,8120/3,C67.9,Yes,Yes,M0,N0,T3,Tumor Free,No,No,Asian,No,61,Yes,0:LIVING,12.78890094,0:ALIVE OR DEAD TUMOR FREE,12.78890094,1:Recurred/Progressed,9.6656475,1:PROGRESSION,9.6656475,EAS,High Grade,Primary,Muscle Invasive Urothelial Carcinoma (PT2 or Above),13.512320726601825,5.183236383290058,9.299842206796274,7.17009530955415,10.406949018791238,8.889838550766045,12.111050880059874,10.795861086587449,11.801817466180257,8.630816791787575,6.073582477434559,Stage III,3.0,62,12.78890094,0,0,Low ACTN1
TCGA-CF-A1HS,BLCA,BLCA,a73c0842-39c5-4c2c-aa6a-f31341a4f36e,75,Female,STAGE III,6TH,382,-27565,0,Not Hispanic Or Latino,6/17/11,No,C67.9,8070/3,C67.9,Yes,Yes,M0,N0,T3,Tumor Free,No,No,Asian,No,52,Yes,0:LIVING,12.55876648,0:ALIVE OR DEAD TUMOR FREE,12.55876648,1:Recurred/Progressed,4.372554821,1:PROGRESSION,4.372554821,EAS,High Grade,Primary,Muscle Invasive Urothelial Carcinoma (PT2 or Above),11.273888823668491,4.6386009908541705,7.082031917445089,5.082153300225935,11.292591968983139,4.6386009908541705,9.528784222570513,5.7916395830513405,13.088243316409956,7.261352159723076,4.099185777576897,Stage III,3.0,75,12.55876648,0,1,High ACTN1
TCGA-CF-A27C,BLCA,BLCA,7fee9d6f-c0ea-43c2-89c2-66d965a077a8,52,Male,STAGE III,6TH,425,-19270,0,Not Hispanic Or Latino,7/21/11,No,C67.9,8130/3,C67.9,Yes,No,M0,N0,T3,Tumor Free,No,No,Asian,Yes,59,Yes,0:LIVING,13.97244962,0:ALIVE OR DEAD TUMOR FREE,13.97244962,0:DiseaseFree,13.97244962,0:CENSORED,13.97244962,EAS,High Grade,Primary,Muscle Invasive Urothelial Carcinoma (PT2 or Above),11.74774403452485,4.111740796924937,8.818850560895434,4.143752578271143,9.4013040724714,8.315724713749235,9.300498996167631,6.602586042782175,11.625448586625028,7.4870199963854915,0.47279967180789717,Stage III,3.0,52,13.97244962,0,0,Low ACTN1
TCGA-CF-A3MF,BLCA,BLCA,1E308B12-0590-4DAE-94D0-A539FCF25DF7,34,Male,STAGE III,7TH,383,-12557,0,Not Hispanic Or Latino,3/6/12,No,C67.9,8130/3,C67.9,Yes,No,M0,N0,T3,Tumor Free,No,No,Asian,Yes,,Yes,0:LIVING,12.59164283,0:ALIVE OR DEAD TUMOR FREE,12.59164283,0:DiseaseFree,12.59164283,0:CENSORED,12.59164283,EAS,Low Grade,Primary,Muscle Invasive Urothelial Carcinoma (PT2 or Above),12.456087414808117,4.166201252662703,10.512868828314573,4.07843905102752,9.872965698277378,10.249611256645002,11.918170040606055,9.170836416606877,10.608014506825784,8.73077919236306,5.863405763780549,Stage III,3.0,34,12.59164283,0,0,Low ACTN1
TCGA-CF-A3MG,BLCA,BLCA,39EFA06A-FFE5-40B3-8F8A-A2D7071BC9E3,48,Male,STAGE II,7TH,369,-17600,0,Not Hispanic Or Latino,3/6/12,No,C67.9,8130/3,C67.9,Yes,No,M0,N0,T2,Tumor Free,No,No,Asian,No,62,Yes,0:LIVING,12.1313739,0:ALIVE OR DEAD TUMOR FREE,12.1313739,0:DiseaseFree,12.1313739,0:CENSORED,12.1313739,EAS,Low Grade,Primary,Muscle Invasive Urothelial Carcinoma (PT2 or Above),10.728932367936187,2.6353597143573757,9.423708417741679,3.179017328423909,9.74541550633661,8.224503393918303,9.627646961068502,6.181182079710621,10.898283944458607,6.956788504346916,1.2760797275747324,Stage II,2.0,48,12.1313739,0,0,Low ACTN1
TCGA-CF-A3MH,BLCA,BLCA,B8A8D2FC-421B-4393-8D5A-946CF72CB496,75,Male,STAGE II,7TH,398,-27458,0,Not Hispanic Or Latino,3/6/12,No,C67.9,8130/3,C67.9,Yes,No,M0,N0,T2,,No,No,Asian,Yes,59,Yes,0:LIVING,13.08478811,0:ALIVE OR DEAD TUMOR FREE,13.08478811,0:DiseaseFree,13.08478811,0:CENSORED,13.08478811,EAS,Low Grade,Primary,Muscle Invasive Urothelial Carcinoma (PT2 or Above),11.635913065948653,3.2383435906897233,9.56668579264337,4.1598067671638015,9.52716810332239,8.275933584601377,10.7007691421359,7.259931531346131,11.326822691527806,6.856811440728198,1.5891882114908569,Stage II,2.0,75,13.08478811,0,0,Low ACTN1
TCGA-CF-A3MI,BLCA,BLCA,F1EBF96B-8DF9-4E59-ACEF-7AD433E40214,62,Male,STAGE II,7TH,370,-22716,0,Not Hispanic Or Latino,3/6/12,No,C67.9,8130/3,C67.9,Yes,No,M0,N0,T2,,No,No,Asian,No,62,Yes,0:LIVING,12.16425026,0:ALIVE OR DEAD TUMOR FREE,12.16425026,0:DiseaseFree,12.16425026,0:CENSORED,12.16425026,EAS,Low Grade,Primary,Muscle Invasive Urothelial Carcinoma (PT2 or Above),13.825783640323964,5.231685840916215,10.576758310017839,6.292218546602692,10.649310075453506,8.090091242333946,12.514524213353834,9.934675717645296,11.818038867755108,9.195234391144817,4.160323243181584,Stage II,2.0,62,12.16425026,0,0,Low ACTN1
TCGA-CF-A47S,BLCA,BLCA,D2DF20D4-6704-41E6-B33D-616225BD737C,41,Male,STAGE II,7TH,333,-15225,0,Not Hispanic Or Latino,3/11/13,No,C67.9,8130/3,C67.9,Yes,No,M0,N0,T2,Tumor Free,No,No,Asian,Yes,63,Yes,0:LIVING,10.94782523,0:ALIVE OR DEAD TUMOR FREE,10.94782523,0:DiseaseFree,10.94782523,0:CENSORED,10.94782523,EAS,Low Grade,Primary,Muscle Invasive Urothelial Carcinoma (PT2 or Above),11.926907490764904,4.293039350342875,10.00604550772652,3.6693329654510696,9.943152141179898,9.429046807499992,10.084941226535719,7.493086874379273,11.228866779529097,7.858863753861744,2.3441183345214283,Stage II,2.0,41,10.94782523,0,0,Low ACTN1
TCGA-CF-A47T,BLCA,BLCA,0DB0F02F-94F5-492F-8840-5254792F6879,58,Female,STAGE II,7TH,205,-21347,0,Not Hispanic Or Latino,3/11/13,No,C67.9,8130/3,C67.9,Yes,Yes,M0,N0,T2,Tumor Free,No,No,Asian,Yes,54,Yes,1:DECEASED,12.65739554,1:DEAD WITH TUMOR,12.65739554,1:Recurred/Progressed,4.569812934,1:PROGRESSION,4.569812934,EAS,Low Grade,Primary,Muscle Invasive Urothelial Carcinoma (PT2 or Above),12.208252651060345,5.1473514769946584,10.154375108356138,4.721241399976747,10.131664074046451,8.50596236422553,12.172593146530767,10.075412294600687,11.128290822998592,8.272195861557604,4.545752195691079,Stage II,2.0,58,12.65739554,1,0,Low ACTN1
TCGA-CF-A47V,BLCA,BLCA,E5086EAB-C920-4E3E-A965-90F3F495363A,52,Male,STAGE II,7TH,379,-19265,0,Not Hispanic Or Latino,3/11/13,No,C67.9,8130/3,C67.9,Yes,No,M0,N0,T2,Tumor Free,No,No,Asian,Yes,59,Yes,0:LIVING,12.46013742,0:ALIVE OR DEAD TUMOR FREE,12.46013742,0:DiseaseFree,12.46013742,0:CENSORED,12.46013742,EAS,High Grade,Primary,Muscle Invasive Urothelial Carcinoma (PT2 or Above),14.08504084755802,5.8037694952529435,9.799927532264611,7.1377391720174,9.848601033830727,9.342379180113554,11.808204026638746,8.412980474844684,11.174295301723527,9.847080842561901,4.451296846590094,Stage II,2.0,52,12.46013742,0,0,Low ACTN1
TCGA-CF-A47W,BLCA,BLCA,122FC134-8915-47DB-96C9-AB1853C3CD18,42,Male,STAGE II,7TH,368,-15497,0,Not Hispanic Or Latino,3/11/13,No,C67.9,8130/3,C67.9,Yes,No,M0,N0,T2,Tumor Free,No,No,Asian,No,60,Yes,0:LIVING,12.09849755,0:ALIVE OR DEAD TUMOR FREE,12.09849755,0:DiseaseFree,12.09849755,0:CENSORED,12.09849755,EAS,Low Grade,Primary,Muscle Invasive Urothelial Carcinoma (PT2 or Above),13.251396603810539,3.7798690331440072,10.092545741543566,4.5044996331392095,10.086560874955946,9.430768237343466,11.649283126737108,8.99558061997016,9.665906130971926,8.910459852598692,4.825709319291556,Stage II,2.0,42,12.09849755,0,0,Low ACTN1
TCGA-CF-A47X,BLCA,BLCA,82D5F37F-5A1B-49D8-B990-AC222B4E1C1D,60,Male,STAGE II,7TH,384,-22200,0,Not Hispanic Or Latino,3/11/13,No,C67.9,8130/3,C67.9,Yes,No,M0,N0,T2,Tumor Free,No,No,Asian,Yes,62,Yes,0:LIVING,12.62451918,0:ALIVE OR DEAD TUMOR FREE,12.62451918,0:DiseaseFree,12.62451918,0:CENSORED,12.62451918,EAS,Low Grade,Primary,Muscle Invasive Urothelial Carcinoma (PT2 or Above),11.525001972004336,2.7658105293482604,8.24029524593976,5.7628670083711135,11.23177318800339,8.460832647520311,9.911062362537997,7.019212631561607,10.209136522806563,7.49567917522342,3.849548972303628,Stage II,2.0,60,12.62451918,0,0,Low ACTN1
TCGA-CF-A47Y,BLCA,BLCA,9BCFF619-F75A-4AA4-9E09-2E9AA7B59225,55,Male,STAGE II,7TH,373,-20432,0,Not Hispanic Or Latino,3/11/13,No,C67.9,8130/3,C67.9,Yes,No,M0,N0,T2,Tumor Free,No,No,Asian,No,68,Yes,0:LIVING,12.26287931,0:ALIVE OR DEAD TUMOR FREE,12.26287931,0:DiseaseFree,12.26287931,0:CENSORED,12.26287931,EAS,Low Grade,Primary,Muscle Invasive Urothelial Carcinoma (PT2 or Above),13.070962830078907,5.024798370249151,10.470902861045893,5.47906884403666,10.689648608288815,9.738306789653128,11.558750735060785,10.450943157871096,9.533530254927339,8.38266725274504,6.8112398108737775,Stage II,2.0,55,12.26287931,0,0,Low ACTN1
TCGA-CF-A5U8,BLCA,BLCA,4CC25ADB-6DB4-46AA-9FC9-C2C6339FB6D3,59,Male,STAGE II,6TH,399,-21734,0,Not Hispanic Or Latino,1/3/14,No,C67.9,8120/3,C67.9,Yes,No,M0,N0,T2,Tumor Free,No,No,Asian,No,49,Yes,0:LIVING,13.11766446,0:ALIVE OR DEAD TUMOR FREE,13.11766446,0:DiseaseFree,13.11766446,0:CENSORED,13.11766446,EAS,Low Grade,Primary,Muscle Invasive Urothelial Carcinoma (PT2 or Above),12.563885035185157,4.398117747119052,10.213651051772441,3.65854283603296,9.361893344303809,9.455010696929222,10.380049735552692,7.614945366936871,9.37802601916739,7.748588697637968,4.6916123273938135,Stage II,2.0,59,13.11766446,0,0,Low ACTN1
TCGA-CF-A5UA,BLCA,BLCA,B52C870C-BFB8-4E68-86C0-64D57E5C9AE3,67,Male,STAGE II,6TH,365,-24625,0,Not Hispanic Or Latino,1/3/14,No,C67.9,8120/3,C67.9,Yes,No,M0,N0,T2,Tumor Free,No,No,Asian,No,52,Yes,0:LIVING,11.9998685,0:ALIVE OR DEAD TUMOR FREE,11.9998685,0:DiseaseFree,11.9998685,0:CENSORED,11.9998685,EAS,Low Grade,Primary,Muscle Invasive Urothelial Carcinoma (PT2 or Above),12.595996358672563,3.3141599463211517,10.42623330025221,3.8499492344989164,9.926543589229501,8.866370204568966,10.30151905843119,7.267554524518341,10.866738013909622,8.46103736235503,2.7999576353360793,Stage II,2.0,67,11.9998685,0,0,Low ACTN1
TCGA-CF-A7I0,BLCA,BLCA,25AC9ACD-328B-4FAE-A448-4F3957B1B212,54,Male,STAGE II,6TH,368,-20059,0,Not Hispanic Or Latino,1/3/14,No,C67.2,8130/3,C67.2,Yes,No,M0,N0,T2,Tumor Free,No,No,Asian,No,56,Yes,0:LIVING,12.09849755,0:ALIVE OR DEAD TUMOR FREE,12.09849755,0:DiseaseFree,12.09849755,0:CENSORED,12.09849755,EAS,Low Grade,Primary,Muscle Invasive Urothelial Carcinoma (PT2 or Above),14.491095231942708,6.873973106238943,9.043765535737677,7.996964895854367,10.094988157308261,9.275852129067072,13.024627189956417,12.002224317778417,11.934029899172938,9.091744785444748,7.676648232198218,Stage II,2.0,54,12.09849755,0,0,Low ACTN1
TCGA-CF-A8HX,BLCA,BLCA,43F9B602-683A-4FA1-B044-8FC5794B1453,55,Female,STAGE II,6TH,345,-20259,0,Not Hispanic Or Latino,12/30/14,No,C67.9,8120/3,C67.9,Yes,No,M0,N0,T2,Tumor Free,No,No,Asian,No,56,Yes,0:LIVING,11.34234145,0:ALIVE OR DEAD TUMOR FREE,11.34234145,0:DiseaseFree,11.34234145,0:CENSORED,11.34234145,EAS,High Grade,Primary,Muscle Invasive Urothelial Carcinoma (PT2 or Above),11.060614879127579,4.831497267955407,8.591017361686774,4.978424465440858,9.601670520403237,8.805021537855861,11.162051386736822,9.300183225358287,10.556975381093771,7.180684951789364,5.233811384293157,Stage II,2.0,55,11.34234145,0,0,Low ACTN1
TCGA-CF-A8HY,BLCA,BLCA,6A3E87D7-E360-44C5-9764-4B630DF383E6,59,Male,STAGE II,6TH,345,-21636,0,Not Hispanic Or Latino,12/30/14,No,C67.9,8120/3,C67.9,Yes,No,M0,N0,T2,Tumor Free,No,No,Asian,No,66,Yes,0:LIVING,11.34234145,0:ALIVE OR DEAD TUMOR FREE,11.34234145,0:DiseaseFree,11.34234145,0:CENSORED,11.34234145,EAS,High Grade,Primary,Muscle Invasive Urothelial Carcinoma (PT2 or Above),13.418774996331917,3.7300855937003905,10.162630499208218,3.087174273384413,9.062699183908082,8.556873866278085,11.60736268154448,8.587875005096823,10.29533273155793,9.068205922298969,3.301821736339363,Stage II,2.0,59,11.34234145,0,0,Low ACTN1
TCGA-CF-A9FF,BLCA,BLCA,736E8CDF-E2D7-4141-86A9-45C34178A1C8,52,Male,STAGE II,6TH,361,-19195,0,Not Hispanic Or Latino,12/30/14,No,C67.2,8130/3,C67.2,Yes,No,M0,N0,T2,Tumor Free,No,No,Asian,No,54,Yes,0:LIVING,11.86836309,0:ALIVE OR DEAD TUMOR FREE,11.86836309,0:DiseaseFree,11.86836309,0:CENSORED,11.86836309,EAS,High Grade,Primary,Muscle Invasive Urothelial Carcinoma (PT2 or Above),13.638356717452856,5.389467003548456,9.832597332523807,7.251652825563816,9.760927813619846,8.038205693766274,12.527767763869267,10.693216862494067,11.184088090909825,9.154180144947357,6.386338476140988,Stage II,2.0,52,11.86836309,0,0,Low ACTN1
TCGA-CF-A9FL,BLCA,BLCA,96292F0E-5D09-4C44-8DFC-73EBDE6BF137,85,Male,STAGE III,6TH,84,-31099,0,Not Hispanic Or Latino,12/30/14,No,C67.9,8130/3,C67.9,Yes,Yes,M0,N0,T3B,Tumor Free,No,Yes,Asian,No,45,Yes,1:DECEASED,18.5751389,1:DEAD WITH TUMOR,18.5751389,1:Recurred/Progressed,10.58618536,1:PROGRESSION,10.58618536,EAS,High Grade,Primary,Muscle Invasive Urothelial Carcinoma (PT2 or Above),13.192798285711119,7.474801051487201,10.162630499208218,7.879675138090308,9.726546858770924,8.40668546936849,12.895069682541527,11.313937370492436,11.81482276155809,8.277347850227404,5.801603608179639,Stage III,3.0,85,18.5751389,1,0,Low ACTN1
TCGA-CF-A9FM,,BLCA,AAD167AB-4772-4616-AFB3-265E00D4A3F0,50,Male,STAGE I,6TH,398,-18445,0,Not Hispanic Or Latino,12/30/14,No,C67.9,8130/3,C67.9,Yes,No,M0,N0,T1,Tumor Free,No,No,Asian,No,53,No,0:LIVING,13.08478811,0:ALIVE OR DEAD TUMOR FREE,13.08478811,0:DiseaseFree,13.08478811,0:CENSORED,13.08478811,EAS,High Grade,Primary,Bladder Urothelial Carcinoma,12.198006027022636,3.4864698277227366,8.931266425804312,3.8065509108251763,10.69479315499995,8.663963638422684,9.765826438296768,6.937462100716437,12.09589475902256,7.8555599632598705,3.151875048578096,Stage I,1.0,50,13.08478811,0,0,Low ACTN1
TCGA-CU-A0YN,BLCA,BLCA,679a6869-2ce9-4472-8db1-8869e2c1a440,60,Male,STAGE III,6TH,,-21927,0,Not Hispanic Or Latino,1/5/11,No,C67.9,8130/3,C67.9,Yes,No,M0,N0,T3A,,,No,White,No,67.4,Yes,1:DECEASED,12.92040635,,12.92040635,,,0:CENSORED,12.92040635,EUR,High Grade,Primary,Muscle Invasive Urothelial Carcinoma (PT2 or Above),12.218542046640438,6.375453060503809,7.513443370848789,4.736534524628522,10.961124074520749,6.111507122906547,10.572472863326354,7.4454453133033125,13.974575915966236,8.722725576934183,7.135975999732081,Stage III,3.0,60,12.92040635,1,1,High ACTN1
TCGA-CU-A0YO,BLCA,BLCA,4a9ef220-922c-49cf-bbed-d173b214ed31,84,Male,STAGE IV,6TH,,-30817,0,Not Hispanic Or Latino,4/7/11,No,C67.9,8130/3,C67.9,Yes,,MX,N2,T3A,With Tumor,Yes,Yes,White,No,,Yes,1:DECEASED,4.898576454,1:DEAD WITH TUMOR,4.898576454,,,1:PROGRESSION,3.879409541,EUR,High Grade,Primary,Muscle Invasive Urothelial Carcinoma (PT2 or Above),14.843989730729392,7.3375594656165255,7.677465958672026,8.505152566087569,11.079391445638521,7.536169492649596,14.311251629138196,14.333840188293179,12.443795698605374,8.477507341138292,7.229511017970204,Stage IV,4.0,84,4.898576454,1,1,High ACTN1
TCGA-CU-A0YR,BLCA,BLCA,811b3950-36e7-485f-bc48-aca1eee2ddef,83,Male,STAGE IV,,219,-30674,0,Not Hispanic Or Latino,1/5/11,No,C67.9,8120/3,C67.9,Yes,Yes,M0,N2,T2,With Tumor,,No,White,No,75.4,Yes,1:DECEASED,15.12312194,1:DEAD WITH TUMOR,15.12312194,,,1:PROGRESSION,7.199921097,EUR,High Grade,Primary,Muscle Invasive Urothelial Carcinoma (PT2 or Above),13.646918664008933,5.658354316774077,8.168752335261416,4.8606053067598545,10.508240459198896,7.579836345448403,11.448420922523006,8.660851625759928,11.779432100572569,9.545785009812384,3.5174016872746274,Stage IV,4.0,83,15.12312194,1,0,Low ACTN1
TCGA-CU-A3KJ,BLCA,BLCA,A75584BC-BEF7-48F6-B4B3-C1472A3AF768,75,Male,STAGE III,7TH,562,-27692,0,Not Hispanic Or Latino,4/19/12,No,C67.9,8120/3,C67.9,Yes,Yes,M0,N0,T3B,With Tumor,Yes,Yes,White,No,75,Yes,0:LIVING,18.47650985,0:ALIVE OR DEAD TUMOR FREE,18.47650985,,,1:PROGRESSION,5.457474439,EUR,High Grade,Primary,Muscle Invasive Urothelial Carcinoma (PT2 or Above),10.204216540027529,3.644029302793058,6.353871961472206,4.386617838610289,10.493625320027947,7.566145393275924,10.719431604858126,8.776821208302147,13.31095353551874,6.6682893508423655,3.9361008031550457,Stage III,3.0,75,18.47650985,0,1,High ACTN1
TCGA-CU-A3QU,BLCA,BLCA,AE6D853B-A7F0-4465-B7BF-5A45006AB3B3,58,Male,STAGE IV,7TH,158,-21233,0,Not Hispanic Or Latino,9/24/12,No,C67.9,8120/3,C67.9,Yes,,M0,N1,T2B,Tumor Free,Yes,No,White,No,87,Yes,0:LIVING,5.194463622,0:ALIVE OR DEAD TUMOR FREE,5.194463622,,,0:CENSORED,5.194463622,EUR,High Grade,Primary,Muscle Invasive Urothelial Carcinoma (PT2 or Above),11.069724987785339,3.48155728070859,9.002317157741182,3.9356106099868438,10.739949336168504,8.022467688458715,8.767187991812069,5.2184208364336175,10.65150022065274,7.104965604839979,0.9659874018247315,Stage IV,4.0,58,5.194463622,0,0,Low ACTN1
TCGA-CU-A3YL,BLCA,BLCA,087A7F70-2FA8-4A16-B130-4DF10A70C662,67,Male,STAGE III,7TH,906,-24524,0,Not Hispanic Or Latino,9/24/12,No,C67.9,8130/3,C67.9,Yes,Yes,M0,N0,T4A,Tumor Free,Yes,No,White,No,93,Yes,0:LIVING,29.78597495,0:ALIVE OR DEAD TUMOR FREE,29.78597495,1:Recurred/Progressed,12.16425026,1:PROGRESSION,12.16425026,EUR,High Grade,Primary,Muscle Invasive Urothelial Carcinoma (PT2 or Above),13.380488122131592,4.943330628724848,8.121642298143172,7.11555351177491,10.543640872559383,10.240600549955795,12.350828710621695,10.83750179038555,10.494255586544979,9.276287281003784,6.016159764715032,Stage III,3.0,67,29.78597495,0,0,Low ACTN1
TCGA-CU-A5W6,BLCA,BLCA,7A7FCDD3-CCE9-47CF-A26F-CC6FF34ECD9A,70,Male,STAGE III,7TH,,-25706,0,Not Hispanic Or Latino,5/20/13,No,C67.9,8120/3,C67.9,Yes,No,M0,N0,T4A,Tumor Free,Yes,No,White,No,81,Yes,1:DECEASED,1.841075714,0:ALIVE OR DEAD TUMOR FREE,1.841075714,0:DiseaseFree,1.841075714,0:CENSORED,1.841075714,EUR,High Grade,Primary,Muscle Invasive Urothelial Carcinoma (PT2 or Above),12.447375146064067,5.56521634670942,8.851780268243493,6.04622255982591,10.401914134818322,9.05668377224787,11.076909102032518,9.944914068123627,12.232648766256398,8.401954654298937,5.632864367479377,Stage III,3.0,70,1.841075714,1,1,High ACTN1
TCGA-CU-A72E,BLCA,BLCA,AE080E88-82DA-480C-BD13-AE214DA0463C,76,Male,STAGE IV,7TH,284,-27963,0,Not Hispanic Or Latino,12/9/13,Yes,C67.9,8120/3,C67.9,Yes,Yes,M0,N2,T3B,,Yes,Yes,White,No,137,Yes,1:DECEASED,13.57793339,1:DEAD WITH TUMOR,13.57793339,,,1:PROGRESSION,8.416346122,EUR,High Grade,Primary,Muscle Invasive Urothelial Carcinoma (PT2 or Above),12.87375553491985,6.155498293293179,8.702297378707742,6.6623194521074405,10.145320812766746,7.81116272941938,13.140547018285567,12.224987460403543,12.289540558040928,7.715666902353292,5.891521260714326,Stage IV,4.0,76,13.57793339,1,1,High ACTN1
TCGA-DK-A1A3,BLCA,BLCA,c5b20ccc-523d-491c-8536-008e05c57212,60,Male,STAGE IV,6TH,77,-22235,0,Not Hispanic Or Latino,4/6/11,No,C67.9,8120/3,C67.9,Yes,,M0,N2,T3,With Tumor,Yes,No,White,,76,Yes,1:DECEASED,21.86277411,1:DEAD WITH TUMOR,21.86277411,,,1:PROGRESSION,21.86277411,EUR,High Grade,Primary,Muscle Invasive Urothelial Carcinoma (PT2 or Above),14.124395992395769,6.151580817930691,8.206423450972881,9.426023586392118,10.380742433531525,7.45243070399774,11.879047116817283,10.817367437838646,11.642313484919946,8.764941236401803,6.326537348139952,Stage IV,4.0,60,21.86277411,1,0,Low ACTN1
TCGA-DK-A1A5,BLCA,BLCA,904a8757-e0c5-41ef-b583-c8f170caaac1,79,Male,STAGE II,6TH,,-29111,0,Not Hispanic Or Latino,4/11/11,No,C67.9,8120/3,C67.9,Yes,No,M0,N0,T2B,Tumor Free,Yes,Yes,White,No,60,Yes,1:DECEASED,2.136962883,0:ALIVE OR DEAD TUMOR FREE,2.136962883,0:DiseaseFree,2.136962883,0:CENSORED,2.136962883,EUR,High Grade,Primary,Muscle Invasive Urothelial Carcinoma (PT2 or Above),12.450340079433921,6.7982968201767715,8.07796395261359,6.491883552903498,10.44126351954762,7.2387104436311205,13.436971745049073,12.66432727719669,12.630665290317456,8.275956856766484,6.571186829278576,Stage II,2.0,79,2.136962883,1,1,High ACTN1
TCGA-DK-A1A6,BLCA,BLCA,9c274536-3ca1-4f0e-93a8-1688074d862f,53,Male,STAGE IV,6TH,2020,-19554,0,,4/11/11,No,C67.9,8120/3,C67.9,Yes,No,M0,N1,T2A,Tumor Free,Yes,No,White,No,97.91,Yes,0:LIVING,66.41023112,0:ALIVE OR DEAD TUMOR FREE,66.41023112,,,0:CENSORED,66.41023112,EUR,High Grade,Primary,Muscle Invasive Urothelial Carcinoma (PT2 or Above),11.48757377374897,4.89000399074906,6.534229724384609,5.000468799712461,10.02261748864115,8.366230403458294,10.97614879657946,9.421907028500309,11.733752586082483,7.529063488959036,3.0730489906391085,Stage IV,4.0,53,66.41023112,0,0,Low ACTN1
TCGA-DK-A1A7,BLCA,BLCA,3ed614e7-f356-4d87-985b-d3bbbae3bb40,67,Female,STAGE IV,6TH,560,-24499,0,Not Hispanic Or Latino,4/12/11,No,C67.9,8120/3,C67.9,Yes,Yes,M0,N2,T3,With Tumor,Yes,No,White,No,48,Yes,0:LIVING,18.41075714,0:ALIVE OR DEAD TUMOR FREE,18.41075714,,,1:PROGRESSION,3.682151429,EUR,High Grade,Primary,Muscle Invasive Urothelial Carcinoma (PT2 or Above),13.526315834041814,5.432588667168477,10.190861740618212,7.954306835208667,11.09586509743676,7.48322729559372,11.560853448079023,9.097036595927419,11.160495444811291,8.60911593058868,5.56891375261264,Stage IV,4.0,67,18.41075714,0,0,Low ACTN1
TCGA-DK-A1AA,BLCA,BLCA,56d8a1b8-1268-4362-a7f1-77b76fbf1b59,57,Male,STAGE III,6TH,578,-21093,0,Not Hispanic Or Latino,4/12/11,No,C67.9,8120/3,C67.9,Yes,No,M0,N0,T3,Tumor Free,Yes,Yes,White,No,104.3,Yes,0:LIVING,19.00253148,0:ALIVE OR DEAD TUMOR FREE,19.00253148,0:DiseaseFree,19.00253148,0:CENSORED,19.00253148,EUR,High Grade,Primary,Muscle Invasive Urothelial Carcinoma (PT2 or Above),12.694096663505697,4.413526386796893,9.251193606005515,5.345889538363055,9.77158190466551,7.679916360818207,11.359156550089596,8.696400766027912,11.569722722404709,8.369540640597283,2.526168995344645,Stage III,3.0,57,19.00253148,0,0,Low ACTN1
TCGA-DK-A1AB,BLCA,BLCA,f027d254-ec01-4882-a8a7-964ae90b7d49,74,Female,STAGE IV,6TH,271,-27126,0,Not Hispanic Or Latino,4/12/11,No,C67.9,8120/3,C67.9,Yes,Yes,M0,N2,T4A,,Yes,No,White,No,89,Yes,1:DECEASED,16.70118684,,16.70118684,,,1:PROGRESSION,11.96699214,EUR,High Grade,Primary,Muscle Invasive Urothelial Carcinoma (PT2 or Above),13.305135491933306,7.335979818605468,6.1130461712706605,9.124938090671554,11.268781747288365,5.88067817954466,14.088697156609431,13.673684498475637,13.420355022089067,8.392184310845623,6.979236539366181,Stage IV,4.0,74,16.70118684,1,1,High ACTN1
TCGA-DK-A1AC,BLCA,BLCA,36c14e9d-1863-4c55-bbbb-f8c9dd418932,72,Male,STAGE III,6TH,3981,-26307,0,,4/13/11,No,C67.9,8120/3,C67.9,Yes,No,M0,N0,T3B,Tumor Free,Yes,Yes,White,No,76.5,Yes,0:LIVING,130.8807575,0:ALIVE OR DEAD TUMOR FREE,130.8807575,0:DiseaseFree,130.8807575,0:CENSORED,130.8807575,EUR,High Grade,Primary,Muscle Invasive Urothelial Carcinoma (PT2 or Above),11.960830953781104,5.483886701310606,6.323802380418713,7.864569986688442,10.770573050643792,7.629793734168968,11.596385457313938,9.432301779205837,11.425787621855216,7.775188850210531,2.722531600028062,Stage III,3.0,72,130.8807575,0,0,Low ACTN1
TCGA-DK-A1AD,BLCA,BLCA,88a521ce-a5e9-4c6f-83d4-ec36a62fedb6,69,Male,STAGE IV,5TH,3420,-25317,0,,4/13/11,No,C67.9,8120/3,C67.9,Yes,No,M0,N2,T3B,Tumor Free,Yes,No,White,No,80.7,Yes,0:LIVING,112.437124,0:ALIVE OR DEAD TUMOR FREE,112.437124,,,0:CENSORED,112.437124,EUR,High Grade,Primary,Muscle Invasive Urothelial Carcinoma (PT2 or Above),13.341935726886604,6.917909073852982,9.154625736888223,8.560309903777906,10.753968827470365,8.151102818865239,13.184201246075954,12.593549857202595,11.546624411478943,7.484524860875849,6.223136762976981,Stage IV,4.0,69,112.437124,0,0,Low ACTN1
TCGA-DK-A1AE,BLCA,BLCA,493a4ff2-37a5-4b79-928d-83dbfe534556,84,Male,STAGE III,6TH,491,-30707,0,Not Hispanic Or Latino,4/13/11,No,C67.9,8120/3,C67.9,Yes,Yes,M0,N0,T3,With Tumor,Yes,No,White,No,62.5,Yes,0:LIVING,16.14228885,0:ALIVE OR DEAD TUMOR FREE,16.14228885,,,1:PROGRESSION,6.93691028,EUR,High Grade,Primary,Muscle Invasive Urothelial Carcinoma (PT2 or Above),11.674629248499455,5.941634544933253,7.875104255733666,8.751292988222515,11.013350591782133,7.330316376959811,11.67146145534694,9.937198714502333,11.453990772741747,7.097726662632521,3.9788637283762243,Stage III,3.0,84,16.14228885,0,0,Low ACTN1
TCGA-DK-A1AF,BLCA,BLCA,f3104468-bf17-434b-8a7e-bc3b253121ea,84,Female,STAGE IV,6TH,536,-30914,0,Not Hispanic Or Latino,4/13/11,No,C67.9,8120/3,C67.9,Yes,Yes,M0,N2,T3,Tumor Free,Yes,No,White,No,65.3,Yes,0:LIVING,17.62172469,0:ALIVE OR DEAD TUMOR FREE,17.62172469,,,1:PROGRESSION,9.304007627,EUR,High Grade,Primary,Muscle Invasive Urothelial Carcinoma (PT2 or Above),15.415117847335871,8.598242364950346,7.092059405389984,9.698437283346209,11.784732984739279,6.881872591233305,13.277137717114623,11.366365931614977,13.235474276507706,10.511802060285797,9.027162347153336,Stage IV,4.0,84,17.62172469,0,1,High ACTN1
TCGA-DK-A1AG,BLCA,BLCA,f8c0a69c-df53-4a0a-a30e-4424c0ce3dd5,65,Male,STAGE III,6TH,475,-24095,0,Not Hispanic Or Latino,4/13/11,No,C67.9,8120/3,C67.9,Yes,No,M0,N0,T3,Tumor Free,Yes,No,White,No,94,Yes,0:LIVING,15.61626722,0:ALIVE OR DEAD TUMOR FREE,15.61626722,0:DiseaseFree,15.61626722,0:CENSORED,15.61626722,EUR,High Grade,Primary,Muscle Invasive Urothelial Carcinoma (PT2 or Above),11.881607268850363,5.553882679175792,9.394974942611444,4.007240360627195,10.067676358266487,9.095942875409158,9.588343609152021,5.858267018375691,11.60821785302146,7.67526550237103,2.436641591590962,Stage III,3.0,65,15.61626722,0,0,Low ACTN1
TCGA-DK-A2HX,BLCA,BLCA,C728FAC9-5452-4759-A4ED-A366E0F757CB,80,Female,STAGE IV,6TH,55,-29332,0,Not Hispanic Or Latino,11/22/11,No,C67.9,8120/3,C67.9,Yes,,M0,N2,T3,Tumor Free,Yes,Yes,White,,52.5,Yes,1:DECEASED,46.6844199,0:ALIVE OR DEAD TUMOR FREE,46.6844199,,,0:CENSORED,46.6844199,EUR,High Grade,Primary,Muscle Invasive Urothelial Carcinoma (PT2 or Above),14.819256036660558,8.779709507362075,8.116842969428145,9.254336571401621,11.394189349819836,7.076559095131604,15.3162497072399,15.342765701225304,13.678534120427228,9.069414857679163,9.077809111463312,Stage IV,4.0,80,46.6844199,1,1,High ACTN1
TCGA-DK-A2I1,BLCA,BLCA,036B9681-AB58-4734-A8FD-E0D5D078BF5A,73,Female,STAGE II,6TH,546,-26726,0,Not Hispanic Or Latino,11/22/11,No,C67.9,8130/3,C67.9,Yes,No,M0,N0,T2B,Tumor Free,Yes,No,White,No,71.5,Yes,0:LIVING,17.95048821,0:ALIVE OR DEAD TUMOR FREE,17.95048821,0:DiseaseFree,17.95048821,0:CENSORED,17.95048821,EUR,High Grade,Primary,Muscle Invasive Urothelial Carcinoma (PT2 or Above),13.899356922923111,7.003759629361334,8.442557896509731,7.985375190924548,10.692999007102761,7.712692066948624,14.512363940379098,13.05209930254374,12.42042345077008,9.373554690625761,6.624068717372588,Stage II,2.0,73,17.95048821,0,1,High ACTN1
TCGA-DK-A2I2,BLCA,BLCA,234086DD-5A74-4FF1-94AB-BAD43EE69D5C,63,Female,STAGE IV,6TH,,-23116,0,Not Hispanic Or Latino,11/22/11,No,C67.9,8120/3,C67.9,Yes,Yes,M0,N3,T3,With Tumor,Yes,No,White,No,75,Yes,1:DECEASED,7.791695434,1:DEAD WITH TUMOR,7.791695434,,,1:PROGRESSION,5.358845383,EUR,High Grade,Primary,Muscle Invasive Urothelial Carcinoma (PT2 or Above),12.050073102428492,6.8307370211219585,7.895023847879523,6.094529562547218,10.315636417985882,7.1174145375354945,12.527320607877048,10.485497269544265,13.309348449674978,8.66664298937749,4.361992885921962,Stage IV,4.0,63,7.791695434,1,1,High ACTN1
TCGA-DK-A2I4,BLCA,BLCA,5C4AEBEB-FB6F-4D66-B24A-89EF20DE971E,79,Male,STAGE III,6TH,4343,-29037,0,Not Hispanic Or Latino,3/10/12,No,C67.3,8130/3,C67.3,Yes,No,M0,N0,T3B,Tumor Free,Yes,No,White,No,104,Yes,0:LIVING,142.7819969,0:ALIVE OR DEAD TUMOR FREE,142.7819969,0:DiseaseFree,142.7819969,0:CENSORED,142.7819969,EUR,High Grade,Primary,Muscle Invasive Urothelial Carcinoma (PT2 or Above),13.934824229749708,7.416518882197741,8.414833196941737,9.195807718671702,10.874243679203143,7.057482764949543,12.84225015277931,10.032638116150117,12.73276524417447,9.815745125107922,5.901868499386698,Stage III,3.0,79,142.7819969,0,1,High ACTN1
TCGA-DK-A2I6,BLCA,BLCA,DE810AF0-4C18-4E8F-9836-F8ABC425E3EB,81,Male,STAGE IV,6TH,2656,-29789,0,Not Hispanic Or Latino,11/22/11,No,C67.0,8120/3,C67.0,Yes,No,M0,N1,T2B,Tumor Free,Yes,Yes,White,No,88.5,Yes,0:LIVING,87.31959102,0:ALIVE OR DEAD TUMOR FREE,87.31959102,,,0:CENSORED,87.31959102,EUR,High Grade,Primary,Muscle Invasive Urothelial Carcinoma (PT2 or Above),10.990309643178573,4.327277776072741,8.536896039658735,4.630492841356136,10.742056752828972,6.813922247836157,10.856853449121846,8.957755025322987,13.267509463587714,7.635072344855037,3.2494605113009363,Stage IV,4.0,81,87.31959102,0,1,High ACTN1
TCGA-DK-A3IK,BLCA,BLCA,3F0A0748-9ACC-4D0B-BA18-7C08BD183F86,87,Male,STAGE IV,6TH,67,-32076,0,Not Hispanic Or Latino,3/10/12,No,C67.2,8120/3,C67.2,Yes,,M0,N2,T3,Tumor Free,Yes,No,White,,91.2,Yes,1:DECEASED,4.799947398,0:ALIVE OR DEAD TUMOR FREE,4.799947398,,,0:CENSORED,4.799947398,EUR,High Grade,Primary,Muscle Invasive Urothelial Carcinoma (PT2 or Above),13.077580156379657,6.4385540169626285,10.198739689497682,6.508151306419469,10.686106533602521,8.369178544079421,13.394154508037024,11.728222402172683,12.12383688154482,8.204932995249537,7.142158125249702,Stage IV,4.0,87,4.799947398,1,0,Low ACTN1
TCGA-DK-A3IL,BLCA,BLCA,178B28CD-99C3-48DC-8D09-1EF71B4CEE80,79,Female,STAGE IV,6TH,121,-29047,0,Not Hispanic Or Latino,3/10/12,No,C67.2,8120/3,C67.2,Yes,,M0,N2,T3,Tumor Free,Yes,No,White,,73,Yes,1:DECEASED,13.57793339,0:ALIVE OR DEAD TUMOR FREE,13.57793339,,,0:CENSORED,13.57793339,EUR,High Grade,Primary,Muscle Invasive Urothelial Carcinoma (PT2 or Above),13.287127969706907,7.249966725746948,8.746040622888593,6.503622236078767,11.090423425896114,8.316503293703787,14.229397155333071,13.482455053145287,12.265949019268671,7.66027406144097,7.245257957556981,Stage IV,4.0,79,13.57793339,1,1,High ACTN1
TCGA-DK-A3IM,BLCA,BLCA,41B59716-116F-4942-8B63-409870A87E26,76,Male,STAGE III,6TH,238,-28106,0,Not Hispanic Or Latino,3/12/12,No,C67.9,8120/3,C67.9,Yes,,M0,N0,T3,With Tumor,Yes,No,White,,92.1,Yes,1:DECEASED,8.153335306,1:DEAD WITH TUMOR,8.153335306,1:Recurred/Progressed,6.60814676,1:PROGRESSION,6.60814676,EUR,High Grade,Primary,Muscle Invasive Urothelial Carcinoma (PT2 or Above),8.778169143596774,2.028958061670883,6.672326330090792,3.877145456330206,11.259666772937413,6.458718291928057,8.775274463254625,6.701091558043377,13.04400299489096,5.992084075793862,2.287531396532028,Stage III,3.0,76,8.153335306,1,1,High ACTN1
TCGA-DK-A3IN,BLCA,BLCA,FC0032DB-B6D8-4DA3-BD1B-BEEC4196ABF0,72,Male,STAGE III,7TH,,-26562,0,Not Hispanic Or Latino,3/12/12,No,C67.2,8120/3,C67.2,Yes,No,M0,N0,T4A,Tumor Free,Yes,Yes,White,No,107.5,Yes,1:DECEASED,8.21908801,0:ALIVE OR DEAD TUMOR FREE,8.21908801,0:DiseaseFree,8.21908801,0:CENSORED,8.21908801,EUR,High Grade,Primary,Muscle Invasive Urothelial Carcinoma (PT2 or Above),12.708900663114125,7.2013201977178465,9.103704818158974,7.946069941348224,11.196018045676999,6.753764969423434,12.421730867715153,10.381629467033664,13.742677853184162,8.899764747642793,4.896514053968842,Stage III,3.0,72,8.21908801,1,1,High ACTN1
TCGA-DK-A3IQ,BLCA,BLCA,E44F60EC-66C4-45A2-A003-0A1FAF1D6E03,74,Male,STAGE III,6TH,319,-27194,0,Not Hispanic Or Latino,3/12/12,No,C67.4,8120/3,C67.4,Yes,Yes,M0,N0,T3,With Tumor,Yes,Yes,White,No,75.4,Yes,1:DECEASED,17.72035375,1:DEAD WITH TUMOR,17.72035375,1:Recurred/Progressed,8.21908801,1:PROGRESSION,8.21908801,EUR,High Grade,Primary,Muscle Invasive Urothelial Carcinoma (PT2 or Above),15.609395195430555,9.307931650211113,7.9992784720825405,9.325334691014076,12.06407918797533,7.698128168023365,16.13501983375813,15.617166107080578,14.32405393950965,9.983392684119908,9.994339292720495,Stage III,3.0,74,17.72035375,1,1,High ACTN1
TCGA-DK-A3IS,BLCA,BLCA,9F75CC89-CC3F-4AE9-973D-DA37C6417BFC,68,Male,STAGE II,6TH,1529,-25098,0,Not Hispanic Or Latino,3/13/12,No,C67.9,8120/3,C67.9,Yes,No,M0,N0,T2A,Tumor Free,Yes,Yes,White,No,83.5,Yes,0:LIVING,50.26794227,0:ALIVE OR DEAD TUMOR FREE,50.26794227,0:DiseaseFree,50.26794227,0:CENSORED,50.26794227,EUR,High Grade,Primary,Muscle Invasive Urothelial Carcinoma (PT2 or Above),11.657179979944813,7.049467409853069,9.403031202554411,4.781191826515377,9.513769040768702,8.672298039733883,10.653275029158053,8.718402727975679,10.054726402643274,7.99105693426524,3.1396659449005555,Stage II,2.0,68,50.26794227,0,0,Low ACTN1
TCGA-DK-A3IT,BLCA,BLCA,58520C66-7688-435A-B09F-653B18768C41,62,Male,STAGE III,6TH,648,-22786,0,Not Hispanic Or Latino,3/13/12,No,C67.2,8120/3,C67.2,Yes,No,M0,N0,T3,Tumor Free,Yes,Yes,White,No,110,Yes,0:LIVING,21.30387612,0:ALIVE OR DEAD TUMOR FREE,21.30387612,0:DiseaseFree,21.30387612,0:CENSORED,21.30387612,EUR,High Grade,Primary,Muscle Invasive Urothelial Carcinoma (PT2 or Above),13.536793587609406,8.037986147250212,8.929533604211569,8.556099820393678,10.45532722030456,8.005147314321988,13.717815631281157,12.83264677615818,13.329796338220701,8.2657650508428,7.047767390573073,Stage III,3.0,62,21.30387612,0,1,High ACTN1
TCGA-DK-A3IU,BLCA,BLCA,F093F043-EFD4-4CBA-A87F-8CBB5C1ACD9E,58,Male,STAGE II,6TH,609,-21369,0,Not Hispanic Or Latino,3/10/12,No,C67.4,8120/3,C67.4,Yes,Yes,M0,N0,T2B,Tumor Free,,Yes,White,No,96.5,Yes,1:DECEASED,23.21070454,1:DEAD WITH TUMOR,23.21070454,1:Recurred/Progressed,15.18887464,1:PROGRESSION,15.18887464,EUR,High Grade,Primary,Muscle Invasive Urothelial Carcinoma (PT2 or Above),14.73426505942791,7.434536492665641,8.307842876191783,10.267067557812478,11.298572405575214,6.8246533085876715,14.667083814735994,14.27585532919271,13.476644958629702,9.177207727832712,7.355395147509254,Stage II,2.0,58,23.21070454,1,1,High ACTN1
TCGA-DK-A3IV,BLCA,BLCA,F953DC5D-58BF-4936-B9FE-74B45E8C00E5,60,Male,STAGE II,6TH,,-22237,0,Not Hispanic Or Latino,3/12/12,No,C67.2,8120/3,C67.2,Yes,Yes,M0,NX,,With Tumor,No,Yes,White,No,85.4,Yes,1:DECEASED,9.6656475,1:DEAD WITH TUMOR,9.6656475,,,1:PROGRESSION,6.969786633,EUR,High Grade,Primary,Muscle Invasive Urothelial Carcinoma (PT2 or Above),12.035018994611994,4.230618051339141,8.51147594599219,7.725598024896028,10.83387836457737,8.024125719783552,9.108783177797626,5.132988042627442,12.909842468581095,7.222128332449556,4.252839491384297,Stage II,2.0,60,9.6656475,1,1,High ACTN1
TCGA-DK-A3WW,BLCA,BLCA,2AB0FB7B-AD2A-403D-9411-712974CCD878,57,Male,STAGE III,7TH,633,-20909,0,Not Hispanic Or Latino,8/31/12,No,C67.4,8120/3,C67.4,Yes,No,M0,N0,T3,Tumor Free,Yes,No,White,No,85,Yes,0:LIVING,20.81073084,0:ALIVE OR DEAD TUMOR FREE,20.81073084,0:DiseaseFree,20.81073084,0:CENSORED,20.81073084,EUR,High Grade,Primary,Muscle Invasive Urothelial Carcinoma (PT2 or Above),10.96751448080097,3.737037727114942,7.718889010825321,4.654979656891289,10.291596651730329,7.001520790587425,10.70818723602071,5.7456810459202705,13.79174286237827,7.760513714645093,0.5601279760812637,Stage III,3.0,57,20.81073084,0,1,High ACTN1
TCGA-DK-A3WX,BLCA,BLCA,D63C186D-ADD6-492E-8250-E83F46D39D00,67,Female,STAGE III,6TH,,-24553,0,Not Hispanic Or Latino,8/31/12,No,C67.2,8120/3,C67.2,Yes,Yes,M0,N0,T3,With Tumor,Yes,No,White,No,70,Yes,1:DECEASED,10.55330901,1:DEAD WITH TUMOR,10.55330901,,,1:PROGRESSION,5.490350791,EUR,High Grade,Primary,Muscle Invasive Urothelial Carcinoma (PT2 or Above),11.935378711800633,9.2189700152067,7.556207138679058,5.373338482337892,10.869709500954263,6.348616628708776,12.602367146192158,10.299082063322098,13.97782548252145,8.593604009653108,5.1257172181593615,Stage III,3.0,67,10.55330901,1,1,High ACTN1
TCGA-DK-A3WY,BLCA,BLCA,9BB5D187-033E-4E86-A76E-E1A6D20488F7,67,Female,STAGE III,5TH,4967,-24536,0,Not Hispanic Or Latino,8/31/12,No,C67.1,8120/3,C67.1,Yes,No,M0,N0,T3,Tumor Free,Yes,No,White,No,67,Yes,0:LIVING,163.2968406,0:ALIVE OR DEAD TUMOR FREE,163.2968406,0:DiseaseFree,163.2968406,0:CENSORED,163.2968406,EUR,High Grade,Primary,Muscle Invasive Urothelial Carcinoma (PT2 or Above),13.87342488670709,7.285698125958125,8.261591929158598,10.65091710514022,10.977888074461601,8.501662060944769,14.101409443162847,13.853826103710794,12.555099555894591,10.201964604216894,7.347701085508396,Stage III,3.0,67,163.2968406,0,1,High ACTN1
TCGA-DK-A3X1,BLCA,BLCA,6BDDAFDE-7004-49B6-80CF-8081CD4B7D44,78,Female,STAGE III,6TH,2009,-28757,0,Not Hispanic Or Latino,8/31/12,No,C67.1,8120/3,C67.1,Yes,No,M0,N0,T3,Tumor Free,Yes,Yes,White,No,,Yes,0:LIVING,66.04859125,0:ALIVE OR DEAD TUMOR FREE,66.04859125,0:DiseaseFree,66.04859125,0:CENSORED,66.04859125,EUR,High Grade,Primary,Muscle Invasive Urothelial Carcinoma (PT2 or Above),11.930692991746884,6.607837757213788,9.240555235474101,4.683404517603261,10.48172880850163,8.615401583016807,12.485097211794638,9.400063955102897,11.463560133682389,8.18568817912957,4.585629592924384,Stage III,3.0,78,66.04859125,0,0,Low ACTN1
TCGA-DK-A3X2,BLCA,BLCA,40551D53-388B-4067-9341-76E94D023703,85,Male,STAGE IV,6TH,,-31160,0,Not Hispanic Or Latino,8/31/12,No,C67.2,8120/3,C67.2,Yes,Yes,M0,N2,T3,With Tumor,,Yes,White,No,,Yes,1:DECEASED,17.98336457,1:DEAD WITH TUMOR,17.98336457,,,1:PROGRESSION,17.52309564,EUR,High Grade,Primary,Muscle Invasive Urothelial Carcinoma (PT2 or Above),11.034090506534923,4.030839256324402,8.404502961226878,2.4571740027041997,10.312542656888889,6.750499316972629,8.417067677827214,6.071434473758394,12.02589394159409,6.419350115326545,3.7788078223164865,Stage IV,4.0,85,17.98336457,1,0,Low ACTN1
TCGA-DK-A6AV,BLCA,BLCA,B41DF0B0-572E-4DDB-9F1D-1B69DD1AD290,82,Female,STAGE II,6TH,1952,-30089,0,Not Hispanic Or Latino,9/6/13,No,C67.1,8120/3,C67.1,Yes,No,M0,N0,T2A,Tumor Free,Yes,No,Asian,No,55,Yes,0:LIVING,64.17463918,0:ALIVE OR DEAD TUMOR FREE,64.17463918,0:DiseaseFree,64.17463918,0:CENSORED,64.17463918,EAS,High Grade,Primary,Muscle Invasive Urothelial Carcinoma (PT2 or Above),12.423284022133878,4.276325437801866,8.217124061435332,6.869994750344067,9.70557536954447,6.862153795482902,10.986617141710362,7.661927702833877,10.722679475630825,8.555194963212218,4.648528717738006,Stage II,2.0,82,64.17463918,0,0,Low ACTN1
TCGA-DK-A6AW,BLCA,BLCA,01C815BA-7BDA-4F7E-865C-0C5776FEBF2C,70,Male,STAGE II,6TH,1621,-25644,0,Not Hispanic Or Latino,9/6/13,No,C67.0,8120/3,C67.0,Yes,No,M0,N0,T2A,Tumor Free,Yes,Yes,White,No,95,Yes,0:LIVING,53.29256666,0:ALIVE OR DEAD TUMOR FREE,53.29256666,0:DiseaseFree,53.29256666,0:CENSORED,53.29256666,EUR,High Grade,Primary,Muscle Invasive Urothelial Carcinoma (PT2 or Above),13.363395604474325,5.418395743364108,10.292988753753832,4.6703304995999035,10.37695017094954,8.145779336841162,13.093394454671323,10.832723904844347,11.0275743044105,9.62966443504485,3.4780916867383684,Stage II,2.0,70,53.29256666,0,0,Low ACTN1
TCGA-DK-A6B0,BLCA,BLCA,73BC18A4-3600-409E-A2B5-E09E2B3F040D,61,Male,STAGE II,6TH,2330,-22439,0,Not Hispanic Or Latino,9/6/13,No,C67.2,8120/3,C67.2,Yes,No,M0,N0,T2B,Tumor Free,,No,White,No,79,Yes,0:LIVING,76.60190025,0:ALIVE OR DEAD TUMOR FREE,76.60190025,0:DiseaseFree,76.60190025,0:CENSORED,76.60190025,EUR,High Grade,Primary,Muscle Invasive Urothelial Carcinoma (PT2 or Above),12.066576959626747,3.4126460546551622,9.539108393464891,3.4126460546551622,10.40843589543731,8.643809301423955,10.164328727447888,6.7881114412886205,12.536825149442684,8.123562741115277,1.2912499129642299,Stage II,2.0,61,76.60190025,0,1,High ACTN1
TCGA-DK-A6B1,BLCA,BLCA,0D2CD56C-09C6-467D-B3AA-1F7FE0CC60E1,67,Male,STAGE II,6TH,2049,-24607,0,Not Hispanic Or Latino,9/6/13,No,C67.3,8120/3,C67.3,Yes,No,M0,N0,T2A,Tumor Free,Yes,Yes,White,No,107,Yes,0:LIVING,67.36364533,0:ALIVE OR DEAD TUMOR FREE,67.36364533,0:DiseaseFree,67.36364533,0:CENSORED,67.36364533,EUR,High Grade,Primary,Muscle Invasive Urothelial Carcinoma (PT2 or Above),12.687561585768874,3.5321548496589177,9.549719220657662,6.081407806135862,10.383304688360802,9.251941538273883,11.754895851068946,8.72143760116758,11.267085119564978,8.716912037720528,4.235328808791722,Stage II,2.0,67,67.36364533,0,0,Low ACTN1
TCGA-DK-A6B2,,BLCA,10C825D7-4E21-43E7-AC95-DDA75FBDAF74,70,Male,STAGE IV,6TH,477,-25625,0,Not Hispanic Or Latino,9/6/13,No,C67.4,8120/3,C67.4,Yes,Yes,M0,N1,T3,With Tumor,Yes,Yes,White,No,107,No,0:LIVING,15.68201992,0:ALIVE OR DEAD TUMOR FREE,15.68201992,,,1:PROGRESSION,8.810862347,EUR,High Grade,Primary,Muscle Invasive Urothelial Carcinoma (PT2 or Above),13.332693949633617,7.770412823966549,7.943276703781431,7.631075172002759,11.14864181531957,7.417995933579795,13.22624208203016,9.386599733422953,12.328501030587196,8.732011358499387,5.422098414644339,Stage IV,4.0,70,15.68201992,0,1,High ACTN1
TCGA-DK-A6B5,BLCA,BLCA,D5E8D936-40AE-4FD3-B40E-CAC54763D71F,45,Male,STAGE IV,6TH,1542,-16453,0,Not Hispanic Or Latino,9/6/13,No,C67.3,8120/3,C67.3,Yes,No,M0,N2,T4A,Tumor Free,Yes,Yes,White,No,95,Yes,0:LIVING,50.69533485,0:ALIVE OR DEAD TUMOR FREE,50.69533485,,,0:CENSORED,50.69533485,EUR,High Grade,Primary,Muscle Invasive Urothelial Carcinoma (PT2 or Above),11.364178438715157,3.6433020884847656,8.205265426980343,5.389205404429781,10.367698675396488,9.499540975939862,10.967953908465926,8.724316023215529,11.400916783673349,8.985244247219619,7.000180325609995,Stage IV,4.0,45,50.69533485,0,0,Low ACTN1
TCGA-DK-A6B6,BLCA,BLCA,AB6580E4-5DE9-4361-B06A-1D20E5571890,57,Male,STAGE II,6TH,1115,-21007,0,Not Hispanic Or Latino,9/6/13,No,C67.4,8120/3,C67.4,Yes,No,MX,NX,,Tumor Free,,No,White,No,103,Yes,0:LIVING,36.65713253,0:ALIVE OR DEAD TUMOR FREE,36.65713253,0:DiseaseFree,36.65713253,0:CENSORED,36.65713253,EUR,High Grade,Primary,Muscle Invasive Urothelial Carcinoma (PT2 or Above),11.212842882212747,3.7515494147916058,9.356399147468348,6.48331921128868,10.982936550047931,7.99506612187726,8.499403445905639,4.558426836099346,11.132750331944727,6.9600135199335185,3.2191685204621616,Stage II,2.0,57,36.65713253,0,0,Low ACTN1
TCGA-DK-AA6L,BLCA,BLCA,CBE6C328-F7E1-44B2-B4E5-B495F46A7FB7,48,Male,STAGE IV,7TH,,-17635,0,Not Hispanic Or Latino,5/30/14,No,C67.1,8120/3,C67.1,Yes,Yes,MX,N1,T3,With Tumor,Yes,Yes,White,No,115,Yes,1:DECEASED,38.23519742,1:DEAD WITH TUMOR,38.23519742,,,1:PROGRESSION,30.24624388,EUR,High Grade,Primary,Muscle Invasive Urothelial Carcinoma (PT2 or Above),11.128013659922392,6.0474096956031085,8.042409048628137,5.1022675935301205,10.199782750946456,8.268902190495188,11.089695433777756,9.606460735492384,11.919358706008204,6.966049716130664,4.580664085907446,Stage IV,4.0,48,38.23519742,1,0,Low ACTN1
TCGA-DK-AA6M,BLCA,BLCA,D8B07FDD-5580-4BCC-9619-B5E0C9F0AA3D,64,Female,STAGE II,7TH,1582,-23574,0,Not Hispanic Or Latino,7/7/14,No,C67.2,8120/3,C67.2,Yes,No,M0,N0,T2,Tumor Free,No,Yes,White,No,75,Yes,0:LIVING,52.01038893,0:ALIVE OR DEAD TUMOR FREE,52.01038893,,,0:CENSORED,52.01038893,EUR,High Grade,Primary,Muscle Invasive Urothelial Carcinoma (PT2 or Above),12.607427414955724,4.2122813936314065,9.242809692696262,3.788163657037767,11.114158768720547,6.283364360727596,11.334239759858615,9.054767095241775,13.108723728335804,8.47481321683806,5.486736894855992,Stage II,2.0,64,52.01038893,0,1,High ACTN1
TCGA-DK-AA6P,BLCA,BLCA,4E702CA1-C0E0-4B9C-B9C7-7D7946818561,72,Female,STAGE II,7TH,457,-26560,0,Not Hispanic Or Latino,7/7/14,No,C67.2,8120/3,C67.2,Yes,Yes,M0,N0,,Tumor Free,No,No,White,No,66,Yes,0:LIVING,15.02449288,0:ALIVE OR DEAD TUMOR FREE,15.02449288,,,1:PROGRESSION,0.526021633,EUR,High Grade,Primary,Muscle Invasive Urothelial Carcinoma (PT2 or Above),12.21329563446529,4.521974118040931,8.489225802019044,6.064451771699707,10.947476223730112,7.433401832701411,10.19885016700207,6.770604433166611,11.218732741385901,9.785949356282929,6.0885423369538945,Stage II,2.0,72,15.02449288,0,0,Low ACTN1
TCGA-DK-AA6Q,BLCA,BLCA,60419F8C-92C2-4E8F-B2FA-A767D30C9D59,61,Female,STAGE IV,7TH,,-22314,0,Not Hispanic Or Latino,7/7/14,No,C67.4,8120/3,C67.4,Yes,Yes,M0,N1,T3,With Tumor,Yes,No,White,No,64,Yes,1:DECEASED,13.57793339,1:DEAD WITH TUMOR,13.57793339,,,1:PROGRESSION,9.369760331, ,High Grade,Primary,Muscle Invasive Urothelial Carcinoma (PT2 or Above),10.274308259181533,2.2784903456164756,7.292017875554704,3.7120674658605566,11.566962573780478,8.047472952997802,9.007161856071564,5.793726847452617,12.332856155781865,6.286016158409477,5.1340032045462385,Stage IV,4.0,61,13.57793339,1,1,High ACTN1
TCGA-DK-AA6R,BLCA,BLCA,5DB4B168-A6BA-482C-B067-2274EBA96AAD,68,Male,STAGE IV,5TH,5041,-25196,0,Not Hispanic Or Latino,7/7/14,No,C67.2,8120/3,C67.2,Yes,Yes,M0,N1,T4,With Tumor,,Yes,White,No,74,Yes,0:LIVING,165.7296906,0:ALIVE OR DEAD TUMOR FREE,165.7296906,,,1:PROGRESSION,161.3242595,EUR,High Grade,Primary,Muscle Invasive Urothelial Carcinoma (PT2 or Above),11.449287954693958,4.426794763884188,7.532114319394109,5.273418911078023,10.423746229114771,6.502435629962138,12.082178986281493,10.805711632796074,13.885410398570698,7.677007806965858,4.934025769722915,Stage IV,4.0,68,165.7296906,0,1,High ACTN1
TCGA-DK-AA6S,BLCA,BLCA,45EEA556-E97B-4912-8AA9-7E5C709EB52B,60,Male,STAGE III,5TH,5050,-22027,0,Not Hispanic Or Latino,7/7/14,No,C67.2,8120/3,C67.2,Yes,Yes,M0,N0,T3B,With Tumor,,Yes,White,Yes,100,Yes,0:LIVING,166.0255778,0:ALIVE OR DEAD TUMOR FREE,166.0255778,1:Recurred/Progressed,17.72035375,1:PROGRESSION,17.72035375,EUR,High Grade,Primary,Muscle Invasive Urothelial Carcinoma (PT2 or Above),13.376464583560033,6.6332931537614765,7.801171592684199,7.255123014847789,11.796351969607871,7.905898401662144,14.337099192705178,12.70125447201138,12.690705172745101,8.870660626679282,8.128391362022933,Stage III,3.0,60,166.0255778,0,1,High ACTN1
TCGA-DK-AA6T,BLCA,BLCA,F9B55748-605A-4313-BB19-DCF5476590C2,63,Male,STAGE II,7TH,572,-23198,0,Not Hispanic Or Latino,7/7/14,No,C67.0,8120/3,C67.0,Yes,No,M0,N0,,Tumor Free,No,No,White,Yes,63,Yes,0:LIVING,18.80527337,0:ALIVE OR DEAD TUMOR FREE,18.80527337,0:DiseaseFree,18.80527337,0:CENSORED,18.80527337,EUR,High Grade,Primary,Muscle Invasive Urothelial Carcinoma (PT2 or Above),12.955366571013583,5.745828920196035,7.3643360490594185,8.10489224204717,10.333546726106464,7.709655950883545,11.699177675139506,9.405318065436562,10.025264165874093,8.462919377127001,7.597739727205798,Stage II,2.0,63,18.80527337,0,0,Low ACTN1
TCGA-DK-AA6U,BLCA,BLCA,104C8E20-1B29-4D77-9633-359A35BE48FB,64,Male,STAGE II,7TH,578,-23611,0,Not Hispanic Or Latino,7/7/14,No,C67.2,8120/3,C67.2,Yes,No,M0,N0,,With Tumor,No,No,White,No,94,Yes,0:LIVING,19.00253148,0:ALIVE OR DEAD TUMOR FREE,19.00253148,0:DiseaseFree,19.00253148,0:CENSORED,19.00253148,EUR,,Primary,Muscle Invasive Urothelial Carcinoma (PT2 or Above),11.594268612086413,3.7291176667664723,7.832915324382037,5.292203819401468,10.840384550711667,8.238022517825721,8.600964733609866,5.171186807643348,11.433966145571624,7.147978226108284,4.633512584896148,Stage II,2.0,64,19.00253148,0,0,Low ACTN1
TCGA-DK-AA6W,BLCA,BLCA,63FA8434-4A6F-4C32-9C5D-89DCC913900B,78,Male,STAGE II,7TH,263,-28853,0,Not Hispanic Or Latino,7/7/14,No,C67.2,8120/3,C67.2,Yes,Yes,M0,N0,T2,With Tumor,No,Yes,White,Yes,103,Yes,1:DECEASED,13.6436861,1:DEAD WITH TUMOR,13.6436861,,,1:PROGRESSION,12.46013742,EUR,High Grade,Primary,Muscle Invasive Urothelial Carcinoma (PT2 or Above),11.768746733848683,3.380383137970935,7.897113336940953,6.042285369836789,11.614797249649113,8.10059401303196,9.972434186279195,7.8695013103936775,11.967305525616645,7.234817431117324,4.25988258411917,Stage II,2.0,78,13.6436861,1,0,Low ACTN1
TCGA-DK-AA6X,BLCA,BLCA,071B350D-8745-4795-8194-A8C6491F0931,63,Male,STAGE II,7TH,467,-23208,0,Not Hispanic Or Latino,7/7/14,No,C67.2,8120/3,C67.2,Yes,No,M0,N0,,Tumor Free,No,No,White,No,93,Yes,0:LIVING,15.3532564,0:ALIVE OR DEAD TUMOR FREE,15.3532564,,,0:CENSORED,15.3532564,EUR,High Grade,Primary,Muscle Invasive Urothelial Carcinoma (PT2 or Above),12.901179911262854,5.634175035353716,8.035524940975138,9.049962871697698,9.781558070456056,7.951098172639497,11.314056368969933,9.778982227074346,12.144559468367904,8.620091498767506,7.207326748215707,Stage II,2.0,63,15.3532564,0,1,High ACTN1
TCGA-DK-AA71,BLCA,BLCA,22DBEA93-3E1B-4E1B-BA40-55F08B99E73B,71,Male,STAGE II,7TH,415,-25950,0,Not Hispanic Or Latino,7/7/14,No,C67.2,8120/3,C67.2,Yes,No,M0,N0,T2B,With Tumor,Yes,Yes,White,No,68,Yes,0:LIVING,13.6436861,0:ALIVE OR DEAD TUMOR FREE,13.6436861,,,0:CENSORED,13.6436861,EUR,High Grade,Primary,Muscle Invasive Urothelial Carcinoma (PT2 or Above),11.998001526400746,3.2773450602786776,8.738929928260493,3.8742658147455016,10.383466703368876,8.43346442911612,11.439913974175557,9.85945713655132,10.812089040047736,7.694956781719146,3.0795317173198047,Stage II,2.0,71,13.6436861,0,0,Low ACTN1
TCGA-DK-AA74,BLCA,BLCA,0198D8E5-A14B-44EE-B1C4-D248994845AD,75,Male,STAGE III,7TH,1708,-27730,0,Not Hispanic Or Latino,7/7/14,No,C67.1,8120/3,C67.1,Yes,No,M0,N0,T3,Tumor Free,No,Yes,White,No,95,Yes,0:LIVING,56.15280928,0:ALIVE OR DEAD TUMOR FREE,56.15280928,0:DiseaseFree,56.15280928,0:CENSORED,56.15280928,EUR,High Grade,Primary,Muscle Invasive Urothelial Carcinoma (PT2 or Above),13.864340931955635,6.51824871166631,8.951596536557924,8.768769887170208,10.578900985219304,8.194417067115273,14.757712933551572,12.840152410390598,13.948358105195481,10.331364850495453,7.294050909664149,Stage III,3.0,75,56.15280928,0,1,High ACTN1
TCGA-DK-AA75,BLCA,BLCA,CEA28EAC-4442-4436-B737-536E45B89989,82,Male,STAGE III,7TH,,-30090,0,Not Hispanic Or Latino,7/7/14,No,C67.3,8120/3,C67.3,Yes,Yes,M0,N0,T3,With Tumor,No,No,White,No,85,Yes,1:DECEASED,11.17795969,1:DEAD WITH TUMOR,11.17795969,,,1:PROGRESSION,10.78344347,EUR,High Grade,Primary,Muscle Invasive Urothelial Carcinoma (PT2 or Above),12.076985905162669,3.7850692243786628,9.306998111620857,4.334718429409549,10.253953822226194,9.342968017554929,10.858719254634838,9.200199764461596,11.077363182901541,7.764460281109702,3.8776068438780484,Stage III,3.0,82,11.17795969,1,0,Low ACTN1
TCGA-DK-AA76,BLCA,BLCA,D37B0460-EFA4-4CF5-8082-F27FF2CF2F28,64,Female,STAGE II,7TH,366,-23542,0,Not Hispanic Or Latino,7/8/14,No,C67.3,8120/3,C67.3,Yes,No,M0,N0,,With Tumor,No,No,White,No,85,Yes,0:LIVING,12.03274485,0:ALIVE OR DEAD TUMOR FREE,12.03274485,0:DiseaseFree,12.03274485,0:CENSORED,12.03274485,EUR,High Grade,Primary,Muscle Invasive Urothelial Carcinoma (PT2 or Above),11.190330895501447,4.200104107309143,8.952499564606264,4.853701291397682,11.32023080309123,6.969208062240275,9.937616578636552,6.753764969423434,9.860373138362167,7.846161061696908,3.0658307741736732,Stage II,2.0,64,12.03274485,0,0,Low ACTN1
TCGA-DK-AA77,BLCA,BLCA,EB4F8C76-08D9-4BA4-846E-969FDED63A87,61,Male,STAGE II,7TH,618,-22365,0,Not Hispanic Or Latino,7/8/14,No,C67.4,8120/3,C67.4,Yes,Yes,M0,N0,T2A,Tumor Free,Yes,No,White,No,81,Yes,0:LIVING,20.31758556,0:ALIVE OR DEAD TUMOR FREE,20.31758556,,,1:PROGRESSION,15.3532564, ,High Grade,Primary,Muscle Invasive Urothelial Carcinoma (PT2 or Above),11.835280659803875,4.151412369240574,7.9329410849235575,5.332378546305231,9.517966556640935,8.15794814356061,10.478213463045957,7.481936632502151,11.886771131477474,7.8092021919240295,1.954159079066704,Stage II,2.0,61,20.31758556,0,0,Low ACTN1
TCGA-E5-A2PC,BLCA,BLCA,4107AE6F-502C-4BDC-BF14-E4B3711CBA38,61,Female,STAGE IV,6TH,1326,-22308,0,Not Hispanic Or Latino,12/21/11,No,C67.2,8120/3,C67.2,Yes,No,MX,N1,T2B,Tumor Free,Yes,No,White,No,65,Yes,0:LIVING,43.59404281,0:ALIVE OR DEAD TUMOR FREE,43.59404281,,,0:CENSORED,43.59404281,EUR,High Grade,Primary,Muscle Invasive Urothelial Carcinoma (PT2 or Above),10.347388835663148,3.545770726110136,8.233317685727725,4.654401168730715,10.437419184308308,8.060793188749098,10.620128164715124,8.785704202609883,12.039984845845131,6.853446799863066,1.3619928859219628,Stage IV,4.0,61,43.59404281,0,0,Low ACTN1
TCGA-E5-A4TZ,BLCA,BLCA,CA6403DD-3BD5-4023-8EA1-9957EC44DBA5,64,Male,STAGE IV,7TH,,-23566,0,Not Hispanic Or Latino,8/19/13,Yes,C67.9,8120/3,C67.9,Yes,Yes,MX,N2,T4B,With Tumor,Yes,Yes,White,No,94,Yes,1:DECEASED,15.3532564,1:DEAD WITH TUMOR,15.3532564,,,1:PROGRESSION,14.30121314,EUR,High Grade,Primary,Muscle Invasive Urothelial Carcinoma (PT2 or Above),10.309555932933005,3.3927845055541077,7.9133621753673244,4.474072565519051,10.945685240806347,6.302468943052082,8.552776671296245,5.213856607047488,10.8985787152241,6.175440767453681,3.7392540565568204,Stage IV,4.0,64,15.3532564,1,0,Low ACTN1
TCGA-E5-A4U1,BLCA,BLCA,1C28F311-E0B0-4292-B29A-C6757665A4A4,72,Male,STAGE II,7TH,1181,-26305,0,Not Hispanic Or Latino,8/19/13,No,C67.9,8120/3,C67.9,Yes,Yes,M0,N0,T2B,With Tumor,Yes,No,,No,99,Yes,0:LIVING,38.82697176,0:ALIVE OR DEAD TUMOR FREE,38.82697176,1:Recurred/Progressed,23.17782819,1:PROGRESSION,23.17782819,EUR,High Grade,Primary,Muscle Invasive Urothelial Carcinoma (PT2 or Above),11.417699589543638,2.328692876765785,8.978739055354977,3.266306811682974,8.895866064043412,9.110592926984541,9.895308681027574,6.358334718221945,8.84267404911967,8.154529541186177,5.952498982189701,Stage II,2.0,72,38.82697176,0,0,Low ACTN1
TCGA-E7-A3X6,BLCA,BLCA,C871EA6B-FBD2-4E6F-AB29-F43F6E3DDCBB,70,Male,STAGE II,7TH,750,-25584,0,Not Hispanic Or Latino,8/14/12,No,C67.2,8120/3,C67.2,Yes,No,M0,NX,T2,Tumor Free,No,No,White,No,89,Yes,1:DECEASED,29.72022224,1:DEAD WITH TUMOR,29.72022224,1:Recurred/Progressed,12.1313739,1:PROGRESSION,12.1313739,EUR,Low Grade,Primary,Muscle Invasive Urothelial Carcinoma (PT2 or Above),12.31470785330529,4.810509941340154,8.313449940963057,4.743773453784316,9.754890841731457,6.974253962728128,11.669673465681555,9.79183360209967,13.255410738933781,8.303830967700026,4.196622780211451,Stage II,2.0,70,29.72022224,1,1,High ACTN1
TCGA-E7-A3Y1,BLCA,BLCA,F7C891EB-3B09-4E01-BB8A-53D570518CBE,57,Male,STAGE II,7TH,163,-20917,0,Not Hispanic Or Latino,9/12/12,No,C67.9,8120/3,C67.9,Yes,No,M0,N0,,Tumor Free,No,No,White,Yes,82,Yes,0:LIVING,5.358845383,0:ALIVE OR DEAD TUMOR FREE,5.358845383,0:DiseaseFree,5.358845383,0:CENSORED,5.358845383,EUR,Low Grade,Primary,Muscle Invasive Urothelial Carcinoma (PT2 or Above),13.392491845228616,5.42814574171543,9.864302236687193,7.188440488975161,10.727009976467228,8.672870811363712,12.525481658087838,9.894719256607143,11.074000933664204,9.62702310555406,6.19829573013725,Stage II,2.0,57,5.358845383,0,0,Low ACTN1
TCGA-E7-A4IJ,BLCA,BLCA,FAF4C71C-C4F3-4513-8C44-9114A5D3729A,56,Male,STAGE II,7TH,408,-20723,0,Not Hispanic Or Latino,2/11/13,No,C67.9,8130/3,C67.9,Yes,Yes,M0,NX,T2B,Tumor Free,No,No,Asian,No,46,Yes,1:DECEASED,22.15866128,1:DEAD WITH TUMOR,22.15866128,1:Recurred/Progressed,20.38333827,1:PROGRESSION,20.38333827,EAS,High Grade,Primary,Muscle Invasive Urothelial Carcinoma (PT2 or Above),11.92460840422277,4.883073348451263,9.402984320154607,5.451646327883945,11.330670434000782,9.268378247751587,10.778939531059983,7.853390655980465,10.735513715518714,8.689064983179076,4.124940157879383,Stage II,2.0,56,22.15866128,1,0,Low ACTN1
TCGA-E7-A4XJ,BLCA,BLCA,92495A89-9974-4F75-99E0-28BD11114460,66,Male,STAGE II,7TH,16,-24279,0,Not Hispanic Or Latino,4/4/13,No,C67.9,8120/3,C67.9,Yes,No,M0,N0,T2,Tumor Free,No,No,Asian,No,61,Yes,1:DECEASED,2.235591939,0:ALIVE OR DEAD TUMOR FREE,2.235591939,0:DiseaseFree,2.235591939,0:CENSORED,2.235591939,EAS,High Grade,Primary,Muscle Invasive Urothelial Carcinoma (PT2 or Above),12.028645119317416,4.694584939279299,9.898332321228022,3.967537536070858,10.404683898793337,9.162006055081505,11.092169109656997,7.9612470951123315,11.552549028017228,7.982286309717703,5.948892814191555,Stage II,2.0,66,2.235591939,1,0,Low ACTN1
TCGA-E7-A519,BLCA,BLCA,74216D58-9E34-4A2B-B4AF-886C4A3DC079,72,Male,STAGE II,7TH,508,-26427,0,Not Hispanic Or Latino,4/22/13,No,C67.9,8120/3,C67.9,Yes,No,M0,NX,T2B,Tumor Free,No,No,White,No,79,Yes,0:LIVING,16.70118684,0:ALIVE OR DEAD TUMOR FREE,16.70118684,0:DiseaseFree,16.70118684,0:CENSORED,16.70118684,EUR,High Grade,Primary,Muscle Invasive Urothelial Carcinoma (PT2 or Above),13.817423402268355,4.593282052791385,11.15397629139089,6.09601722195786,9.796575043050593,10.258978173598745,12.428019874308825,9.432836255307867,10.285956994889423,10.26251772330211,6.366128093126419,Stage II,2.0,72,16.70118684,0,0,Low ACTN1
TCGA-E7-A541,BLCA,BLCA,D51ABC3A-A652-4B13-9A41-CE52BE87218B,66,Male,STAGE II,7TH,529,-24206,0,Not Hispanic Or Latino,4/4/13,No,C67.9,8130/3,C67.9,Yes,,MX,N0,T2B,Tumor Free,Yes,No,White,No,,Yes,1:DECEASED,25.57780189,0:ALIVE OR DEAD TUMOR FREE,25.57780189,0:DiseaseFree,25.57780189,0:CENSORED,25.57780189,EUR,High Grade,Primary,Muscle Invasive Urothelial Carcinoma (PT2 or Above),13.074877343942084,5.281464581337028,8.800518149832696,7.738754328356417,10.574233991317795,8.07784648843498,11.152538369245269,8.283231920667681,11.89279703035668,8.371628556341156,6.075468452914232,Stage II,2.0,66,25.57780189,1,0,Low ACTN1
TCGA-E7-A5KE,BLCA,BLCA,514DCD02-0B33-40EF-8EF1-05272045FC39,78,Female,STAGE II,7TH,17,-28714,0,Not Hispanic Or Latino,4/12/13,No,C67.9,8120/3,C67.9,Yes,,M0,N0,T2A,Tumor Free,No,No,Asian,No,41,Yes,0:LIVING,0.558897985,0:ALIVE OR DEAD TUMOR FREE,0.558897985,,,0:CENSORED,0.558897985,EAS,High Grade,Primary,Muscle Invasive Urothelial Carcinoma (PT2 or Above),11.28438457507067,4.597340470826318,8.473953279431091,4.351154796422766,10.853270563118887,8.958915156091349,9.282882239009666,6.423075560355192,11.360907423775043,7.330163971230926,1.4264257907420275,Stage II,2.0,78,0.558897985,0,0,Low ACTN1
TCGA-E7-A5KF,BLCA,BLCA,5D06CC19-8B10-4ED1-B6D4-8E044F1F8A8C,67,Male,STAGE II,7TH,20,-24528,0,Not Hispanic Or Latino,4/12/13,No,C67.9,8120/3,C67.9,Yes,No,M0,N0,T2A,Tumor Free,No,No,Asian,,57,Yes,0:LIVING,0.657527041,0:ALIVE OR DEAD TUMOR FREE,0.657527041,,,0:CENSORED,0.657527041,EAS,Low Grade,Primary,Muscle Invasive Urothelial Carcinoma (PT2 or Above),11.160129838515928,2.299127408412377,9.180446269527081,2.299127408412377,10.11279134071596,8.401967449687964,8.616482680451064,5.688969204173503,9.93232992670885,6.663800015531763,0.47736648006723453,Stage II,2.0,67,0.657527041,0,0,Low ACTN1
TCGA-E7-A677,BLCA,BLCA,D492383F-5449-4845-BFB3-B2CB4EB49C4E,81,Male,STAGE II,7TH,820,-29613,0,Not Hispanic Or Latino,6/27/13,No,C67.9,8120/3,C67.9,Yes,No,M0,N0,T2B,Tumor Free,No,No,Asian,No,41,Yes,0:LIVING,26.95860867,0:ALIVE OR DEAD TUMOR FREE,26.95860867,0:DiseaseFree,26.95860867,0:CENSORED,26.95860867,EAS,Low Grade,Primary,Muscle Invasive Urothelial Carcinoma (PT2 or Above),12.394076781027657,3.79029244968989,8.648763816498011,5.880092850586242,10.87998904623731,8.803123687816315,12.05529599460139,8.786269627648466,13.514837313999376,8.175494661064745,3.6403779906818454,Stage II,2.0,81,26.95860867,0,1,High ACTN1
TCGA-E7-A678,BLCA,BLCA,29C52372-D3A7-4188-B468-67C3451C4F20,55,Male,STAGE III,7TH,798,-20169,0,Not Hispanic Or Latino,6/28/13,No,C67.9,8120/3,C67.9,Yes,No,M0,N0,T3,Tumor Free,No,No,Asian,No,55,Yes,0:LIVING,26.23532893,0:ALIVE OR DEAD TUMOR FREE,26.23532893,0:DiseaseFree,26.23532893,0:CENSORED,26.23532893,EAS,Low Grade,Primary,Muscle Invasive Urothelial Carcinoma (PT2 or Above),12.541544362275893,2.476692747301275,9.868004538554192,4.166731510523306,9.88799735931099,9.277752335693803,10.00022540349095,6.957543200757105,10.306619970470997,7.561226836999315,3.340904031908829,Stage III,3.0,55,26.23532893,0,0,Low ACTN1
TCGA-E7-A6MD,BLCA,BLCA,92D27FEC-30C2-4496-965D-DF509D869EAA,66,Male,STAGE IV,7TH,129,-24180,0,Not Hispanic Or Latino,10/25/13,No,C67.3,8120/3,C67.3,Yes,No,M0,N1,T4A,,Yes,No,White,,,Yes,0:LIVING,4.241049413,0:ALIVE OR DEAD TUMOR FREE,4.241049413,,,0:CENSORED,4.241049413,EUR,High Grade,Primary,Muscle Invasive Urothelial Carcinoma (PT2 or Above),13.47366770336245,7.306389848131907,8.86208558778883,10.222758684127935,10.51254295509686,6.98445263873285,12.48412554060271,11.622399635467259,11.411304419969605,8.380075717730053,7.526827842750415,Stage IV,4.0,66,4.241049413,0,0,Low ACTN1
TCGA-E7-A6ME,BLCA,BLCA,9F00847C-BD1F-4CD0-99F9-D51D638C0795,75,Male,STAGE II,7TH,731,-27670,0,Not Hispanic Or Latino,10/24/13,No,C67.3,8120/3,C67.3,Yes,No,M0,NX,T2B,Tumor Free,No,No,Asian,No,59,Yes,0:LIVING,24.03261334,0:ALIVE OR DEAD TUMOR FREE,24.03261334,0:DiseaseFree,24.03261334,0:CENSORED,24.03261334,EAS,High Grade,Primary,Muscle Invasive Urothelial Carcinoma (PT2 or Above),12.271947346635326,4.238397095887397,9.546360100877452,6.860391762874015,10.989586089513699,8.369344334487511,10.626165319904498,9.500714430887454,11.312996370247731,8.240266620375525,8.009733460725876,Stage II,2.0,75,24.03261334,0,0,Low ACTN1
TCGA-E7-A6MF,BLCA,BLCA,FAF3C230-C661-4D6E-9B73-2B679BC6DEFF,37,Male,STAGE II,7TH,750,-13867,0,Not Hispanic Or Latino,10/30/13,No,C67.9,8130/3,C67.9,Yes,No,M0,NX,T2A,Tumor Free,No,No,Asian,No,64,Yes,0:LIVING,24.65726403,0:ALIVE OR DEAD TUMOR FREE,24.65726403,0:DiseaseFree,24.65726403,0:CENSORED,24.65726403,EAS,Low Grade,Primary,Muscle Invasive Urothelial Carcinoma (PT2 or Above),11.42173875597153,2.8876422412731886,7.966920680673059,8.273842212194378,11.296187794604787,9.020841078031022,8.700006150882865,3.6946350809288715,11.047546568025375,7.476414092752283,3.117811384352886,Stage II,2.0,37,24.65726403,0,0,Low ACTN1
TCGA-E7-A7DU,BLCA,BLCA,6F30B069-C8F5-424C-9FB5-F7DBA508CB8B,73,Male,STAGE III,7TH,28,-27000,0,Not Hispanic Or Latino,12/16/13,No,C67.0,8120/3,C67.0,Yes,No,M0,N0,T3,Tumor Free,Yes,Yes,White,No,110,Yes,0:LIVING,0.920537857,0:ALIVE OR DEAD TUMOR FREE,0.920537857,0:DiseaseFree,0.920537857,0:CENSORED,0.920537857,EUR,Low Grade,Primary,Muscle Invasive Urothelial Carcinoma (PT2 or Above),12.323916065798105,4.825836497338067,9.583285896702016,4.91294680343557,10.04642830543651,8.696776313015665,11.283372001129349,7.703308382228843,10.013546005153039,8.054110447829618,4.287981965209391,Stage III,3.0,73,0.920537857,0,0,Low ACTN1
TCGA-E7-A7DV,BLCA,BLCA,3EFFD691-570C-478A-8903-3771A1B43F2E,44,Male,STAGE IV,7TH,37,-16145,0,Not Hispanic Or Latino,12/5/13,No,C67.9,8130/3,C67.9,Yes,No,MX,N3,T4,With Tumor,Yes,Yes,White,No,67,Yes,0:LIVING,1.216425026,0:ALIVE OR DEAD TUMOR FREE,1.216425026,,,0:CENSORED,1.216425026,EUR,High Grade,Primary,Muscle Invasive Urothelial Carcinoma (PT2 or Above),13.326443531982296,7.473640816735811,8.806530289259566,5.550004857031492,10.378793372115261,8.243868976032642,10.68272251699413,7.425115173438282,13.20079441344399,9.023064022812997,4.157949153783695,Stage IV,4.0,44,1.216425026,0,1,High ACTN1
TCGA-E7-A7PW,BLCA,BLCA,045FE498-6A07-41FF-9956-DC0FB0483E7F,63,Male,STAGE III,7TH,416,-23057,0,Not Hispanic Or Latino,1/3/14,No,C67.9,8120/3,C67.9,Yes,Yes,M0,NX,T3A,Tumor Free,No,No,Asian,No,55,Yes,0:LIVING,13.67656245,0:ALIVE OR DEAD TUMOR FREE,13.67656245,1:Recurred/Progressed,5.720485255,1:PROGRESSION,5.720485255,EAS,High Grade,Primary,Muscle Invasive Urothelial Carcinoma (PT2 or Above),11.253114726510985,4.260635434688038,9.823964258486738,4.520617109206162,10.617485831759602,8.934478169169687,10.631431733483051,8.400307366854184,10.919913577980848,7.375265377936287,4.7408250465577115,Stage III,3.0,63,13.67656245,0,0,Low ACTN1
TCGA-E7-A7XN,BLCA,BLCA,286CF147-B7F7-4A05-8E41-7FBD3717AD71,66,Male,STAGE III,7TH,428,-24466,0,Not Hispanic Or Latino,12/5/13,No,C67.9,8120/3,C67.9,Yes,Yes,M0,N0,T3,Tumor Free,No,No,Asian,No,48,Yes,0:LIVING,14.07107867,0:ALIVE OR DEAD TUMOR FREE,14.07107867,,,1:PROGRESSION,6.246506888,EAS,High Grade,Primary,Muscle Invasive Urothelial Carcinoma (PT2 or Above),10.8754652376745,2.6831799107026812,8.126864476658053,3.069461582843672,10.405864757183819,6.957032372513963,9.748258272648593,7.895551047929734,12.453041657462183,7.6271471684899925,2.5679834464451345,Stage III,3.0,66,14.07107867,0,1,High ACTN1
TCGA-E7-A85H,BLCA,BLCA,C8ADCE3D-4914-4851-9952-846B0C9C32DE,64,Male,STAGE III,7TH,394,-23497,0,Not Hispanic Or Latino,1/3/14,No,C67.9,8120/3,C67.9,Yes,No,M0,N0,T3,Tumor Free,Yes,No,Asian,No,48,Yes,0:LIVING,12.9532827,0:ALIVE OR DEAD TUMOR FREE,12.9532827,0:DiseaseFree,12.9532827,0:CENSORED,12.9532827,EAS,High Grade,Primary,Muscle Invasive Urothelial Carcinoma (PT2 or Above),12.244524389937716,4.815303873345477,7.16037568743582,8.225487029940783,11.070489958801415,7.705922624951509,11.634897246357005,9.882545236212824,10.9839911413154,8.060895841868303,3.4895686244280246,Stage III,3.0,64,12.9532827,0,0,Low ACTN1
TCGA-E7-A8O7,BLCA,BLCA,1E15CB17-CF22-4F06-A3D9-E528E77D1876,52,Male,STAGE II,7TH,466,-19063,0,Not Hispanic Or Latino,3/3/14,No,C67.9,8120/3,C67.9,Yes,No,M0,N0,T2,Tumor Free,No,No,Asian,No,58,Yes,0:LIVING,15.32038005,0:ALIVE OR DEAD TUMOR FREE,15.32038005,0:DiseaseFree,15.32038005,0:CENSORED,15.32038005,EAS,Low Grade,Primary,Muscle Invasive Urothelial Carcinoma (PT2 or Above),12.448717733260306,4.634692000235146,8.07112444273333,4.634692000235146,10.771902080697716,8.185519701929236,9.635981064037006,5.909307488697428,10.448033686291305,8.006830968500456,2.4236857304421386,Stage II,2.0,52,15.32038005,0,0,Low ACTN1
TCGA-E7-A97P,BLCA,BLCA,18E6BDB0-B62D-4367-86E9-BEFBBF5E458C,73,Male,STAGE II,7TH,13,-26956,0,Not Hispanic Or Latino,4/18/14,No,C67.9,8120/3,C67.9,Yes,,M0,NX,T2,Tumor Free,No,No,Asian,No,45,Yes,1:DECEASED,14.36696584,0:ALIVE OR DEAD TUMOR FREE,14.36696584,0:DiseaseFree,14.36696584,0:CENSORED,14.36696584,EAS,High Grade,Primary,Muscle Invasive Urothelial Carcinoma (PT2 or Above),12.90492433571231,5.76529869790143,7.428242909706181,6.910348915380929,10.641112461829298,6.764791991572459,13.320518524632691,12.64726503479416,13.76772927465201,8.508408843863343,6.248612630885494,Stage II,2.0,73,14.36696584,1,1,High ACTN1
TCGA-E7-A97Q,BLCA,BLCA,ADA19F65-5256-4C79-B3B9-7B9DA69BE437,60,Female,STAGE IV,7TH,82,-22249,0,Not Hispanic Or Latino,4/18/14,No,C67.9,8120/3,C67.9,Yes,No,MX,N3,T4A,With Tumor,Yes,No,White,No,66,Yes,1:DECEASED,8.087582602,1:DEAD WITH TUMOR,8.087582602,,,1:PROGRESSION,8.087582602,EUR,High Grade,Primary,Muscle Invasive Urothelial Carcinoma (PT2 or Above),13.070085715446863,6.719840555064268,8.632024594710034,7.241115604022949,10.113520796939254,9.073766688093718,12.794791519272653,11.545838089899052,11.437549227831335,8.338584863787029,7.85446948370088,Stage IV,4.0,60,8.087582602,1,0,Low ACTN1
TCGA-FD-A3B3,BLCA,BLCA,4B5D873B-BFDA-482E-92A0-BF84C0F9032A,74,Female,STAGE III,7TH,392,-27068,0,Not Hispanic Or Latino,1/12/12,No,C67.0,8130/3,C67.0,Yes,No,MX,N0,T3,Tumor Free,Yes,No,White,No,104.33,Yes,1:DECEASED,32.02156689,0:ALIVE OR DEAD TUMOR FREE,32.02156689,0:DiseaseFree,32.02156689,0:CENSORED,32.02156689,EUR,High Grade,Primary,Muscle Invasive Urothelial Carcinoma (PT2 or Above),13.775538267658183,7.644541307216633,7.584586749959587,9.6548651231974,11.56479731850792,5.6313109490555675,13.916318019877309,12.861889472703757,13.393792639774581,8.848716822084473,7.036909886112901,Stage III,3.0,74,32.02156689,1,1,High ACTN1
TCGA-FD-A3B4,BLCA,BLCA,899F8D52-4C3A-4371-90EB-1F106001EDDC,55,Female,STAGE III,7TH,477,-20379,0,Not Hispanic Or Latino,1/13/12,No,C67.2,8120/3,C67.2,Yes,,MX,N0,T4A,Tumor Free,Yes,No,Black or African American,No,68,Yes,1:DECEASED,16.76693954,1:DEAD WITH TUMOR,16.76693954,1:Recurred/Progressed,11.80261038,1:PROGRESSION,11.80261038, ,High Grade,Primary,Muscle Invasive Urothelial Carcinoma (PT2 or Above),13.431562894916803,6.37690503720173,7.402074073516853,8.011881352547261,11.657322916122487,6.330744819750777,13.72965260484081,13.255322214557351,13.255274999335454,8.270627049782734,6.891953779345156,Stage III,3.0,55,16.76693954,1,1,High ACTN1
TCGA-FD-A3B5,BLCA,BLCA,462D5A6B-9F39-4AAE-A35B-D06A7811D053,86,Male,STAGE IV,7TH,,-31442,0,Not Hispanic Or Latino,1/12/12,No,C67.4,8120/3,C67.4,Yes,,MX,N1,T2B,With Tumor,Yes,No,Black or African American,No,72.57,Yes,1:DECEASED,8.942367755,1:DEAD WITH TUMOR,8.942367755,,,1:PROGRESSION,8.942367755, ,High Grade,Primary,Muscle Invasive Urothelial Carcinoma (PT2 or Above),10.96165226523681,5.311677483863731,8.218340427641015,4.5081243613841995,10.868328713671074,6.925702781351335,11.624868548120912,9.635928479129577,12.613950573301805,7.534232837569546,4.998804773202333,Stage IV,4.0,86,8.942367755,1,1,High ACTN1
TCGA-FD-A3B6,BLCA,BLCA,36054200-3FA4-4541-A25C-47282E4EF88D,75,Male,STAGE II,7TH,209,-27541,0,Not Hispanic Or Latino,1/12/12,No,C67.4,8130/3,C67.4,Yes,,MX,N0,T2B,Tumor Free,Yes,Yes,White,No,72.57,Yes,1:DECEASED,33.0407338,0:ALIVE OR DEAD TUMOR FREE,33.0407338,0:DiseaseFree,33.0407338,0:CENSORED,33.0407338,EUR,High Grade,Primary,Muscle Invasive Urothelial Carcinoma (PT2 or Above),11.834036437828235,8.164831522525342,8.17052099189674,3.3332662881754294,10.563568102066203,7.668055284699363,10.732218313479862,9.177474354375978,13.012409794555849,8.333347696826586,3.8318772411916733,Stage II,2.0,75,33.0407338,1,1,High ACTN1
TCGA-FD-A3B7,BLCA,BLCA,EF5DD4B3-B77A-444A-B5B0-C999A5A3D129,66,Male,STAGE III,7TH,,-24245,0,Not Hispanic Or Latino,1/12/12,No,C67.2,8120/3,C67.2,Yes,Yes,MX,N0,T3A,With Tumor,Yes,No,Black or African American,No,59.4,Yes,1:DECEASED,4.010914949,1:DEAD WITH TUMOR,4.010914949,,,1:PROGRESSION,3.616398724, ,High Grade,Primary,Muscle Invasive Urothelial Carcinoma (PT2 or Above),13.58739077722953,9.354275832948732,8.210354768370483,9.790139938521218,10.89475714459574,7.357402449209925,13.26118112334964,13.189387546319047,14.18769229134637,10.074074545846216,2.0555774527418995,Stage III,3.0,66,4.010914949,1,1,High ACTN1
TCGA-FD-A3B8,BLCA,BLCA,537CA5D1-5B26-496F-B7B4-05FEA7B46353,56,Male,STAGE II,7TH,384,-20555,0,Hispanic Or Latino,1/12/12,No,C67.2,8120/3,C67.2,Yes,,MX,N0,T2B,Tumor Free,Yes,No,White,No,92.5,Yes,0:LIVING,12.62451918,0:ALIVE OR DEAD TUMOR FREE,12.62451918,0:DiseaseFree,12.62451918,0:CENSORED,12.62451918, ,High Grade,Primary,Muscle Invasive Urothelial Carcinoma (PT2 or Above),15.51617092841558,9.252755302456874,7.0691758374788956,10.633449374713493,12.036019029803452,7.0856371015903346,15.39534334329678,15.339335060335273,14.271411960731932,10.094222871828714,7.056713573139758,Stage II,2.0,56,12.62451918,0,1,High ACTN1
TCGA-FD-A3N5,BLCA,BLCA,A658BECF-3934-49F2-9E74-291DCA61D4BB,69,Male,STAGE II,7TH,363,-25342,0,Not Hispanic Or Latino,3/21/12,No,C67.4,8120/3,C67.4,Yes,No,MX,N0,T2B,,Yes,No,Black or African American,No,,Yes,1:DECEASED,22.52030115,1:DEAD WITH TUMOR,22.52030115,,,1:PROGRESSION,11.37521781, ,High Grade,Primary,Muscle Invasive Urothelial Carcinoma (PT2 or Above),10.930360354670633,5.85815759009121,7.602349978247077,5.932439186553471,10.865725539346364,6.178160877785876,11.95689520174235,12.327184906458294,13.649346006292344,7.314234281718251,4.3869350735927135,Stage II,2.0,69,22.52030115,1,1,High ACTN1
TCGA-FD-A3N6,BLCA,BLCA,8C1DD7F7-B74A-4FA2-B6A7-86F0348D2567,43,Female,STAGE II,7TH,851,-15758,0,Not Hispanic Or Latino,3/21/12,No,C67.3,8120/3,C67.3,Yes,No,MX,N0,T2B,Tumor Free,Yes,No,Black or African American,No,142.88,Yes,0:LIVING,27.97777559,0:ALIVE OR DEAD TUMOR FREE,27.97777559,0:DiseaseFree,27.97777559,0:CENSORED,27.97777559, ,High Grade,Primary,Muscle Invasive Urothelial Carcinoma (PT2 or Above),10.47939630249446,3.9013110172232097,6.697982270370825,3.1157324408888365,10.629156231852203,6.285962541572497,10.23803446378051,7.715152069662464,13.07708941595623,7.119221281237259,4.705751253624732,Stage II,2.0,43,27.97777559,0,1,High ACTN1
TCGA-FD-A3NA,BLCA,BLCA,14917461-DAE4-44CB-909D-42AC45AEF450,60,Male,STAGE II,6TH,1845,-21936,0,Not Hispanic Or Latino,3/21/12,No,C67.4,8120/3,C67.4,Yes,No,MX,N0,T2B,Tumor Free,Yes,Yes,White,No,80.74,Yes,0:LIVING,60.65686951,0:ALIVE OR DEAD TUMOR FREE,60.65686951,0:DiseaseFree,60.65686951,1:PROGRESSION,43.98855903,EUR,High Grade,Primary,Muscle Invasive Urothelial Carcinoma (PT2 or Above),11.760478785199709,6.0157540110516,8.418168860691548,4.884280434543396,10.49114159210482,8.361084039722124,11.946613905412761,10.518485962511397,12.521411503002007,7.7415074352277795,6.056024202227119,Stage II,2.0,60,60.65686951,0,1,High ACTN1
TCGA-FD-A3SJ,BLCA,BLCA,6D8D8169-0C1A-4CDB-BE6F-9761C981A369,59,Male,STAGE IV,7TH,,-21615,0,Not Hispanic Or Latino,7/11/12,No,C67.2,8120/3,C67.2,Yes,Yes,MX,N2,T2B,With Tumor,Yes,Yes,White,No,79,Yes,1:DECEASED,24.29562416,1:DEAD WITH TUMOR,24.29562416,,,1:PROGRESSION,9.238254923,EUR,High Grade,Primary,Muscle Invasive Urothelial Carcinoma (PT2 or Above),14.505997584098557,7.903056351906027,8.666383800172941,7.557593892488808,12.058685159466057,7.716167829797151,14.65629077758217,14.772433143898798,12.92043473980667,8.216886483799163,8.229914722287612,Stage IV,4.0,59,24.29562416,1,1,High ACTN1
TCGA-FD-A3SL,BLCA,BLCA,4570B6E2-D430-41CA-AAB1-CE4D14C36463,60,Male,STAGE IV,7TH,683,-22020,0,Not Hispanic Or Latino,7/11/12,No,C67.4,8120/3,C67.4,Yes,Yes,M1,N2,T4A,With Tumor,Yes,Yes,White,No,116,Yes,1:DECEASED,23.40796265,1:DEAD WITH TUMOR,23.40796265,,,1:PROGRESSION,8.54785153,EUR,High Grade,Primary,Muscle Invasive Urothelial Carcinoma (PT2 or Above),15.525682907427926,8.776577788196674,7.513830219035827,8.949774195120325,11.355147342661278,7.493367131393229,15.602426304437992,14.686445812286431,13.654210854130758,9.377509885668015,7.848234831429539,Stage IV,4.0,60,23.40796265,1,1,High ACTN1
TCGA-FD-A3SM,BLCA,BLCA,474582F2-8DEC-4FBC-803F-4FD9BA2E0957,70,Male,STAGE IV,7TH,186,-25852,0,Not Hispanic Or Latino,7/16/12,No,C67.2,8120/3,C67.2,Yes,Yes,M1,N2,T3A,With Tumor,Yes,Yes,White,No,98,Yes,1:DECEASED,17.98336457,1:DEAD WITH TUMOR,17.98336457,,,1:PROGRESSION,4.734194694,EUR,High Grade,Primary,Muscle Invasive Urothelial Carcinoma (PT2 or Above),13.093432420438894,7.763013131648357,8.205509813216667,7.178525429391014,10.344329200494155,8.069310123364628,13.0511630486131,10.752179909799976,13.172038341055876,8.511491759294843,5.104181477874532,Stage IV,4.0,70,17.98336457,1,1,High ACTN1
TCGA-FD-A3SN,BLCA,BLCA,0FB043D3-D86B-4CD8-8C01-9E2B3E965BB0,79,Male,STAGE III,7TH,887,-29169,0,Hispanic Or Latino,7/16/12,No,C67.0,8120/3,C67.0,Yes,Yes,MX,N0,T3B,With Tumor,Yes,No,White,No,70,Yes,0:LIVING,29.16132426,0:ALIVE OR DEAD TUMOR FREE,29.16132426,,,1:PROGRESSION,3.616398724, ,High Grade,Primary,Muscle Invasive Urothelial Carcinoma (PT2 or Above),12.444285034330344,5.043773189707017,8.673983883433543,6.153622961415113,10.460722089429998,6.362771441514427,12.61547101454873,11.211857883284482,12.60280555556142,8.176502300399171,5.560766915012685,Stage III,3.0,79,29.16132426,0,1,High ACTN1
TCGA-FD-A3SO,BLCA,BLCA,94809FBF-4895-42C0-A7C6-F39EE1A41F1A,68,Male,STAGE IV,7TH,,-25147,0,Not Hispanic Or Latino,7/16/12,No,C67.2,8120/3,C67.2,Yes,Yes,MX,N1,T3A,With Tumor,Yes,No,White,No,88,Yes,1:DECEASED,5.523227143,1:DEAD WITH TUMOR,5.523227143,,,1:PROGRESSION,4.701318342,EUR,High Grade,Primary,Muscle Invasive Urothelial Carcinoma (PT2 or Above),12.594532221356744,5.933662331826786,8.190106153373677,7.0036134795840255,11.245059443652888,6.538445043474804,12.950391862263043,10.674254071382993,13.572593654467036,8.75795330888414,3.9624472255828307,Stage IV,4.0,68,5.523227143,1,1,High ACTN1
TCGA-FD-A3SP,BLCA,BLCA,5F99DCFF-D809-4C87-8024-C9B30BD565E9,60,Male,STAGE III,7TH,783,-22005,0,Not Hispanic Or Latino,7/16/12,No,C67.4,8120/3,C67.4,Yes,No,MX,N0,T3B,Tumor Free,Yes,No,White,No,96,Yes,0:LIVING,25.74218365,0:ALIVE OR DEAD TUMOR FREE,25.74218365,0:DiseaseFree,25.74218365,0:CENSORED,25.74218365,EUR,High Grade,Primary,Muscle Invasive Urothelial Carcinoma (PT2 or Above),13.778949794640338,8.163468541641077,7.547550081367172,9.033007203168253,11.468338937393998,8.060441951778847,14.648644070101101,13.586018775355935,13.944748658627,9.574061760748384,7.485933935510639,Stage III,3.0,60,25.74218365,0,1,High ACTN1
TCGA-FD-A3SQ,BLCA,BLCA,3071CB51-DCF5-41F7-B047-AFC2DCBF0AAF,62,Male,STAGE IV,6TH,,-22687,0,Not Hispanic Or Latino,7/16/12,No,C67.2,8120/3,C67.2,Yes,Yes,MX,N2,T3A,With Tumor,Yes,Yes,White,No,89,Yes,1:DECEASED,46.78304895,1:DEAD WITH TUMOR,46.78304895,,,1:PROGRESSION,32.58046487,EUR,High Grade,Primary,Muscle Invasive Urothelial Carcinoma (PT2 or Above),14.872732586918115,7.869044728133092,8.798403755486024,7.937650414448812,11.197892414118328,8.704702542945828,14.901371323472935,13.748129940003883,13.591393779229673,8.629888424768025,8.346925872874449,Stage IV,4.0,62,46.78304895,1,1,High ACTN1
TCGA-FD-A3SR,BLCA,BLCA,72D6E9AA-4A99-4FC9-A67B-4631E95FB043,68,Male,STAGE IV,7TH,,-24979,0,Not Hispanic Or Latino,7/16/12,No,C67.4,8120/3,C67.4,Yes,Yes,MX,N2,T4A,With Tumor,Yes,Yes,White,No,103,Yes,1:DECEASED,19.79156393,1:DEAD WITH TUMOR,19.79156393,,,1:PROGRESSION,12.23000296,EUR,High Grade,Primary,Muscle Invasive Urothelial Carcinoma (PT2 or Above),14.14312009905902,7.496781890446245,7.7365575242686,9.79090233319204,10.936969131988707,8.330186384847877,13.680930861785434,12.819115300969667,12.469733381719998,8.160330303096083,7.727573349381018,Stage IV,4.0,68,19.79156393,1,1,High ACTN1
TCGA-FD-A3SS,BLCA,BLCA,7B98B829-FDC7-4719-BEE9-C83F6154019C,66,Male,STAGE IV,7TH,60,-24408,0,Not Hispanic Or Latino,7/16/12,No,C67.0,8120/3,C67.0,Yes,Yes,MX,N3,T4,With Tumor,Yes,Yes,White,No,87,Yes,1:DECEASED,12.85465365,1:DEAD WITH TUMOR,12.85465365,,,1:PROGRESSION,7.232797449,EUR,High Grade,Primary,Muscle Invasive Urothelial Carcinoma (PT2 or Above),12.339117894327195,4.996741241643225,8.864504988365365,5.4579652266431875,10.421486310372183,7.682762891421956,12.66431394243032,11.905793128935631,12.243911807086421,7.091646948451917,6.252811113643058,Stage IV,4.0,66,12.85465365,1,1,High ACTN1
TCGA-FD-A43N,BLCA,BLCA,3CCCFFEA-BD7D-4548-BB38-FE5EDA630DE6,76,Male,STAGE III,7TH,230,-27833,0,Not Hispanic Or Latino,11/28/12,No,C67.4,8120/3,C67.4,Yes,No,MX,N0,T3A,Tumor Free,Yes,No,White,No,107,Yes,0:LIVING,22.98057008,0:ALIVE OR DEAD TUMOR FREE,22.98057008,,,0:CENSORED,22.98057008,EUR,High Grade,Primary,Muscle Invasive Urothelial Carcinoma (PT2 or Above),12.880050288644483,6.815613852402058,8.09659393666218,4.616163583578179,11.031976828674347,8.444141098828982,11.880895933550864,9.66534480074798,11.44237335283713,9.253256579781153,7.067229975686767,Stage III,3.0,76,22.98057008,0,0,Low ACTN1
TCGA-FD-A43P,BLCA,BLCA,41E8C196-EF93-47C6-AD06-0031F23D4347,74,Male,STAGE II,7TH,832,-27201,0,Not Hispanic Or Latino,11/28/12,No,C67.1,8120/3,C67.1,Yes,No,MX,N0,T2A,Tumor Free,Yes,Yes,Black or African American,No,150,Yes,0:LIVING,27.3531249,0:ALIVE OR DEAD TUMOR FREE,27.3531249,0:DiseaseFree,27.3531249,0:CENSORED,27.3531249, ,High Grade,Primary,Muscle Invasive Urothelial Carcinoma (PT2 or Above),12.204769806794275,6.447354377788991,7.771205524458141,9.819134865050408,11.228758576950137,7.8783513790232655,10.589164236699773,8.259192439726553,11.229173309439973,8.246137271467203,5.382587715591096,Stage II,2.0,74,27.3531249,0,0,Low ACTN1
TCGA-FD-A43S,,BLCA,77236911-D9E0-4B85-829A-A98F1E4B92D2,71,Female,STAGE III,7TH,455,-25993,0,Not Hispanic Or Latino,11/29/12,No,C67.4,8120/3,C67.4,Yes,No,MX,N0,T3B,Tumor Free,Yes,No,White,No,61,No,0:LIVING,14.95874018,0:ALIVE OR DEAD TUMOR FREE,14.95874018,0:DiseaseFree,14.95874018,0:CENSORED,14.95874018,EUR,High Grade,Primary,Muscle Invasive Urothelial Carcinoma (PT2 or Above),16.024423315566697,7.155253382938702,9.524608314491665,10.130673516851063,10.801587118944889,9.552914968659316,14.257873963156419,13.274526666892008,12.567476047609542,10.78622878066476,9.84966468450548,Stage III,3.0,71,14.95874018,0,1,High ACTN1
TCGA-FD-A43U,BLCA,BLCA,140B83DB-BADD-4B8D-B0F5-0F8C8060A228,70,Male,STAGE IV,7TH,636,-25841,0,Not Hispanic Or Latino,11/29/12,No,C67.2,8120/3,C67.2,Yes,Yes,MX,N2,T4A,Tumor Free,Yes,No,White,No,91,Yes,0:LIVING,20.9093599,0:ALIVE OR DEAD TUMOR FREE,20.9093599,,,1:PROGRESSION,16.33954696,EUR,High Grade,Primary,Muscle Invasive Urothelial Carcinoma (PT2 or Above),13.5117403018734,7.185093465874657,9.46129116841413,6.200545548951846,10.246728724411021,9.22076041593131,14.568555885654316,11.337432354644108,12.467895893807617,10.157195330720684,6.702505176998057,Stage IV,4.0,70,20.9093599,0,1,High ACTN1
TCGA-FD-A43X,BLCA,BLCA,4FF4D9FE-EAB8-4AB3-9AE4-9F15B2581A8F,84,Male,STAGE II,7TH,110,-30764,0,Not Hispanic Or Latino,11/28/12,No,C67.4,8130/3,C67.4,Yes,No,MX,N0,T2A,Tumor Free,Yes,Yes,White,No,66,Yes,0:LIVING,3.616398724,0:ALIVE OR DEAD TUMOR FREE,3.616398724,0:DiseaseFree,3.616398724,0:CENSORED,3.616398724,EUR,High Grade,Primary,Muscle Invasive Urothelial Carcinoma (PT2 or Above),12.242001019464428,3.145057859888208,10.354800344350597,3.9186915344243975,10.465270489341883,10.044284820139424,10.87276720979871,7.597121428789569,11.557626438375916,8.06485591286536,2.4101782630268174,Stage II,2.0,84,3.616398724,0,0,Low ACTN1
TCGA-FD-A43Y,BLCA,BLCA,D349FAE0-DD40-4292-908C-AC86A9938240,65,Male,STAGE III,7TH,369,-23889,0,Not Hispanic Or Latino,11/28/12,No,C67.3,8120/3,C67.3,Yes,,MX,N0,T4,Tumor Free,Yes,No,White,No,107,Yes,1:DECEASED,15.58339087,0:ALIVE OR DEAD TUMOR FREE,15.58339087,0:DiseaseFree,15.58339087,0:CENSORED,15.58339087,EUR,High Grade,Primary,Muscle Invasive Urothelial Carcinoma (PT2 or Above),10.95820468671248,5.359341946885652,7.903267289415645,5.3139496107887165,10.56841219146128,6.481657374698806,11.617132236222522,9.369643145394278,12.87402845483733,7.779325391448742,5.664130087887129,Stage III,3.0,65,15.58339087,1,1,High ACTN1
TCGA-FD-A5BR,BLCA,BLCA,DFDAEBD6-E0AB-49D1-9AE9-3A57B3C318B5,57,Male,STAGE II,7TH,813,-20964,0,Not Hispanic Or Latino,5/1/13,No,C67.2,8120/3,C67.2,Yes,No,MX,N0,T2B,Tumor Free,Yes,No,White,No,121,Yes,0:LIVING,26.72847421,0:ALIVE OR DEAD TUMOR FREE,26.72847421,0:DiseaseFree,26.72847421,0:CENSORED,26.72847421,EUR,High Grade,Primary,Muscle Invasive Urothelial Carcinoma (PT2 or Above),14.459566096548619,6.115607608963718,8.951841283863734,8.75797996849873,11.177419537989236,8.852660586611632,13.179534375941815,12.649462775338748,13.075937022189548,8.639369652713802,7.667814085917342,Stage II,2.0,57,26.72847421,0,1,High ACTN1
TCGA-FD-A5BS,BLCA,BLCA,B581E799-93D1-4F1C-BCB7-7E7AE86A869E,68,Male,STAGE III,7TH,1639,-24963,0,Not Hispanic Or Latino,5/1/13,No,C67.4,8120/3,C67.4,Yes,No,MX,N0,T3B,Tumor Free,Yes,Yes,White,No,,Yes,0:LIVING,53.88434099,0:ALIVE OR DEAD TUMOR FREE,53.88434099,0:DiseaseFree,53.88434099,0:CENSORED,53.88434099,EUR,High Grade,Primary,Muscle Invasive Urothelial Carcinoma (PT2 or Above),13.83807131637652,6.667409632761514,9.711090468603452,8.220726564097367,10.706806798597533,8.689365562122536,14.291667151991387,11.699581128516995,12.60587069650972,10.797920863449441,7.47055313355116,Stage III,3.0,68,53.88434099,0,1,High ACTN1
TCGA-FD-A5BT,BLCA,BLCA,CC2350CA-9220-400D-8B76-CC36D26F68D6,84,Male,STAGE III,7TH,,-30686,0,Not Hispanic Or Latino,5/1/13,No,C67.2,8120/3,C67.2,Yes,No,MX,N0,T3B,Tumor Free,Yes,Yes,White,No,80,Yes,1:DECEASED,10.78344347,0:ALIVE OR DEAD TUMOR FREE,10.78344347,,,0:CENSORED,10.78344347,EUR,High Grade,Primary,Muscle Invasive Urothelial Carcinoma (PT2 or Above),14.158380896253865,5.763764768420668,9.584547290451662,8.585555987529014,10.074395718693289,8.101629067451244,15.40576306586718,10.750799088017724,12.928664561935614,10.905529913507019,7.143138279452038,Stage III,3.0,84,10.78344347,1,1,High ACTN1
TCGA-FD-A5BU,BLCA,BLCA,980C7214-F708-4499-818D-F3DE87DC6DE7,76,Female,STAGE II,7TH,588,-27882,0,Not Hispanic Or Latino,5/1/13,No,C67.2,8120/3,C67.2,Yes,No,MX,N0,T2B,Tumor Free,Yes,No,Black or African American,No,65,Yes,0:LIVING,19.331295,0:ALIVE OR DEAD TUMOR FREE,19.331295,0:DiseaseFree,19.331295,0:CENSORED,19.331295, ,High Grade,Primary,Muscle Invasive Urothelial Carcinoma (PT2 or Above),13.722060380242018,6.0788574351111535,7.220223528975589,7.930388446988709,11.385004939182418,6.188307944058031,14.25898553216651,14.450663556693753,13.885629650963494,8.599120629759152,6.967330025376846,Stage II,2.0,76,19.331295,0,1,High ACTN1
TCGA-FD-A5BV,BLCA,BLCA,4FA31971-15E2-4C9B-B49A-B3B7096262E4,47,Female,STAGE III,7TH,,-17501,0,Not Hispanic Or Latino,5/1/13,No,C67.0,8120/3,C67.0,Yes,Yes,MX,N0,T3B,With Tumor,Yes,No,White,No,47,Yes,1:DECEASED,5.358845383,1:DEAD WITH TUMOR,5.358845383,,,1:PROGRESSION,4.405431173, ,High Grade,Primary,Muscle Invasive Urothelial Carcinoma (PT2 or Above),13.01384430844902,5.3959402178453,8.607648411431198,6.801676029253588,10.63797425012509,8.54879879433435,11.555907202377876,9.181726238371127,11.363362748995185,8.368737797988521,6.473801520288568,Stage III,3.0,47,5.358845383,1,0,Low ACTN1
TCGA-FD-A5BX,BLCA,BLCA,6BD85AE2-9D27-4285-A280-4469DD2A8B0A,82,Male,STAGE IV,7TH,,-30276,0,Not Hispanic Or Latino,5/2/13,No,C67.4,8120/3,C67.4,Yes,Yes,MX,N1,T3B,With Tumor,Yes,Yes,White,No,104,Yes,1:DECEASED,5.687608903,1:DEAD WITH TUMOR,5.687608903,,,1:PROGRESSION,3.254758852,EUR,High Grade,Primary,Muscle Invasive Urothelial Carcinoma (PT2 or Above),15.002142550363256,4.904358850157492,9.269802272749354,6.260362571748942,10.731047439337347,6.923565191073788,14.406988865824385,13.306617122646568,14.057069443039094,10.70910966706851,6.130908224606702,Stage IV,4.0,82,5.687608903,1,1,High ACTN1
TCGA-FD-A5BY,BLCA,BLCA,8DA76432-3004-47E5-A474-BD94BD4C0B33,63,Female,STAGE III,7TH,251,-23080,0,Not Hispanic Or Latino,5/2/13,No,C67.4,8120/3,C67.4,Yes,No,MX,N0,T3A,Tumor Free,Yes,Yes,White,No,73,Yes,0:LIVING,8.251964362,0:ALIVE OR DEAD TUMOR FREE,8.251964362,0:DiseaseFree,8.251964362,0:CENSORED,8.251964362,EUR,High Grade,Primary,Muscle Invasive Urothelial Carcinoma (PT2 or Above),12.382937386969108,5.773181415237154,7.689159357731297,5.899257819210733,10.79920065993258,7.815889191158853,13.169059061974185,11.478355050479632,12.63990817768447,7.658368599398566,5.8164435511759365,Stage III,3.0,63,8.251964362,0,1,High ACTN1
TCGA-FD-A5BZ,BLCA,BLCA,AC187CD1-A5EF-47DA-88B2-1D4DF27E0E76,77,Female,STAGE IV,6TH,,-28451,0,Not Hispanic Or Latino,5/2/13,No,C67.3,8120/3,C67.3,Yes,Yes,MX,N1,T3A,With Tumor,Yes,No,White,No,61,Yes,1:DECEASED,27.45175395,1:DEAD WITH TUMOR,27.45175395,,,1:PROGRESSION,17.52309564,EUR,High Grade,Primary,Muscle Invasive Urothelial Carcinoma (PT2 or Above),13.552837178023857,8.03088228313541,9.242826361602678,8.363933232839011,11.003595209820809,8.649141188523151,14.570193700362545,12.90834945937638,13.477075202134634,8.854693878274215,8.641336487848505,Stage IV,4.0,77,27.45175395,1,1,High ACTN1
TCGA-FD-A5C0,BLCA,BLCA,0628E443-3D7F-4A38-9D2A-EBC7F4F7E11D,61,Male,STAGE IV,7TH,407,-22500,0,Not Hispanic Or Latino,5/2/13,No,C67.4,8120/3,C67.4,Yes,Yes,MX,N2,T3A,Tumor Free,Yes,No,White,No,93,Yes,1:DECEASED,18.08199362,1:DEAD WITH TUMOR,18.08199362,,,1:PROGRESSION,0.887661505,EUR,High Grade,Primary,Muscle Invasive Urothelial Carcinoma (PT2 or Above),13.292609222764296,6.421418563285444,7.5985736377829864,7.995117014480729,10.762871990090156,8.044443301305614,13.639725074619777,13.567789747229595,12.010262340199345,7.371410752257768,7.299345411372563,Stage IV,4.0,61,18.08199362,1,0,Low ACTN1
TCGA-FD-A5C1,BLCA,BLCA,070C66FA-EF48-46CB-AF4F-357D2C641118,61,Female,STAGE III,7TH,1792,-22505,0,Not Hispanic Or Latino,5/2/13,No,C67.4,8120/3,C67.4,Yes,No,MX,N0,T3B,Tumor Free,Yes,Yes,White,No,104,Yes,0:LIVING,58.91442286,0:ALIVE OR DEAD TUMOR FREE,58.91442286,0:DiseaseFree,58.91442286,0:CENSORED,58.91442286,EUR,High Grade,Primary,Muscle Invasive Urothelial Carcinoma (PT2 or Above),12.815055009316286,4.931063680839617,8.015677083340817,5.856567456690164,9.94712989678121,7.910966457397035,13.169427110608764,10.71050512343954,13.275445073398696,8.95838161180273,5.157189266203615,Stage III,3.0,61,58.91442286,0,1,High ACTN1
TCGA-FD-A62N,BLCA,BLCA,B7439EDC-B7AB-407E-810A-C60864A915BF,69,Male,STAGE III,7TH,82,-25297,0,Not Hispanic Or Latino,8/21/13,No,C67.2,8120/3,C67.2,Yes,No,MX,N0,T3B,Tumor Free,Yes,No,Asian,,84,Yes,0:LIVING,2.695860867,0:ALIVE OR DEAD TUMOR FREE,2.695860867,0:DiseaseFree,2.695860867,0:CENSORED,2.695860867,SAS,High Grade,Primary,Muscle Invasive Urothelial Carcinoma (PT2 or Above),13.911972394782234,6.229105277443977,9.212527998898192,8.763013131648357,11.009247784222683,7.87830845909795,13.874981347653774,11.819548443523924,13.846567749235621,9.747118816380809,5.484972693199505,Stage III,3.0,69,2.695860867,0,1,High ACTN1
TCGA-FD-A62O,BLCA,BLCA,472502EB-AD99-4A1A-8445-1A11DC02A6D9,74,Male,STAGE IV,7TH,147,-27310,0,Not Hispanic Or Latino,8/21/13,No,C67.0,8120/3,C67.0,Yes,,MX,N2,T3A,Tumor Free,Yes,No,White,No,65,Yes,1:DECEASED,7.101292041,0:ALIVE OR DEAD TUMOR FREE,7.101292041,,,0:CENSORED,7.101292041,EUR,High Grade,Primary,Muscle Invasive Urothelial Carcinoma (PT2 or Above),12.92929909946172,6.2997977997902375,9.258266864472615,4.712958884530808,9.972707011964674,9.524055837748264,12.28942240202494,10.662926453334746,12.455471071612466,8.017075634967735,5.685191703414959,Stage IV,4.0,74,7.101292041,1,1,High ACTN1
TCGA-FD-A62P,BLCA,BLCA,741311B6-CB15-498F-932D-CA282E1DB10D,76,Male,STAGE II,7TH,,-27843,0,Not Hispanic Or Latino,8/21/13,Yes,C67.4,8120/3,C67.4,Yes,No,MX,N0,T2B,With Tumor,Yes,No,White,No,110,Yes,1:DECEASED,6.27938324,1:DEAD WITH TUMOR,6.27938324,,,1:PROGRESSION,6.27938324,EUR,High Grade,Primary,Muscle Invasive Urothelial Carcinoma (PT2 or Above),13.946138679311453,6.585219457890746,8.042545849100161,7.741257982728705,10.852467087500374,8.003169318248379,12.824813588880081,12.330339908762467,12.416156245937385,8.675667759460179,7.657897198116586,Stage II,2.0,76,6.27938324,1,1,High ACTN1
TCGA-FD-A62S,BLCA,BLCA,05A1402E-5A79-4D54-9430-065844ED1505,60,Female,STAGE III,7TH,368,-22000,0,Not Hispanic Or Latino,8/23/13,No,C67.4,8120/3,C67.4,Yes,,MX,N0,T3B,Tumor Free,Yes,No,Black or African American,No,74,Yes,1:DECEASED,13.34779893,1:DEAD WITH TUMOR,13.34779893,,,1:PROGRESSION,10.06016372, ,High Grade,Primary,Muscle Invasive Urothelial Carcinoma (PT2 or Above),13.262329792857205,7.345653621715456,7.973720322980639,8.368131006382768,11.775639084993628,6.717539343391165,14.115750839681134,12.033343843865069,14.171896088952245,8.921061373708076,6.772307974958403,Stage III,3.0,60,13.34779893,1,1,High ACTN1
TCGA-FD-A6TA,BLCA,BLCA,FCDA9873-3A93-40B2-913D-4DF1E6A27EFB,58,Male,STAGE IV,7TH,1912,-21196,0,Not Hispanic Or Latino,12/5/13,No,C67.2,8130/3,C67.2,Yes,No,MX,N2,T3B,Tumor Free,Yes,No,White,No,86,Yes,0:LIVING,62.8595851,0:ALIVE OR DEAD TUMOR FREE,62.8595851,,,0:CENSORED,62.8595851,EUR,High Grade,Primary,Muscle Invasive Urothelial Carcinoma (PT2 or Above),13.563482303683337,7.1735772059133485,9.027073857764833,9.145081303369832,10.501886932149448,8.43126357826183,13.63706633296232,12.306679773485492,12.675227123301214,8.640620928035698,5.824951105518026,Stage IV,4.0,58,62.8595851,0,1,High ACTN1
TCGA-FD-A6TB,BLCA,BLCA,389D1E21-5B97-4231-A3D7-71FECB918BEB,82,Male,STAGE III,7TH,572,-30185,0,Not Hispanic Or Latino,12/5/13,Yes,C67.2,8120/3,C67.2,Yes,No,MX,N0,T3A,Tumor Free,Yes,Yes,White,No,62,Yes,0:LIVING,18.80527337,0:ALIVE OR DEAD TUMOR FREE,18.80527337,0:DiseaseFree,18.80527337,0:CENSORED,18.80527337,EUR,High Grade,Primary,Muscle Invasive Urothelial Carcinoma (PT2 or Above),14.22359450171492,7.565787552735367,8.298351307012398,9.706943175585643,11.126936730629165,8.15047336411283,13.833552283787855,13.497140790237541,12.934444627469839,8.910052041410099,7.921959917326167,Stage III,3.0,82,18.80527337,0,1,High ACTN1
TCGA-FD-A6TC,BLCA,BLCA,00D8E96F-F231-4475-9E9F-C1F8AEC28E4E,79,Female,STAGE III,7TH,187,-28963,0,Not Hispanic Or Latino,12/5/13,No,C67.4,8120/3,C67.4,Yes,No,MX,N0,T4A,Tumor Free,Yes,Yes,White,No,57,Yes,0:LIVING,6.147877832,0:ALIVE OR DEAD TUMOR FREE,6.147877832,0:DiseaseFree,6.147877832,0:CENSORED,6.147877832, ,High Grade,Primary,Muscle Invasive Urothelial Carcinoma (PT2 or Above),12.297426449940344,6.486133510226807,7.383609261527192,6.507269784234451,10.547781406066902,8.13011747770146,13.516771114528987,12.512849080517803,12.380455653619556,8.509363312438737,7.29838338558924,Stage III,3.0,79,6.147877832,0,1,High ACTN1
TCGA-FD-A6TD,BLCA,BLCA,C80E71B3-7C6C-4E16-8446-6DFDA780BC18,77,Male,STAGE III,7TH,204,-28328,0,Not Hispanic Or Latino,12/5/13,No,C67.3,8120/3,C67.3,Yes,No,MX,N0,T3A,Tumor Free,Yes,Yes,White,No,148,Yes,1:DECEASED,12.69027189,0:ALIVE OR DEAD TUMOR FREE,12.69027189,0:DiseaseFree,12.69027189,0:CENSORED,12.69027189,EUR,High Grade,Primary,Muscle Invasive Urothelial Carcinoma (PT2 or Above),11.962093481821613,6.071719772163746,8.708739041359578,8.518480061222256,11.151428859815143,7.404605140524043,12.10009395236871,7.631315314933916,13.357015842628744,8.956233841107132,3.6002697535090045,Stage III,3.0,77,12.69027189,1,1,High ACTN1
TCGA-FD-A6TE,BLCA,BLCA,5C771EE8-2AEA-498D-BA8C-CDBAEBFD57AC,54,Male,STAGE IV,7TH,376,-19874,0,Not Hispanic Or Latino,12/5/13,No,C67.0,8120/3,C67.0,Yes,Yes,MX,N2,T3A,Tumor Free,Yes,No,White,No,65,Yes,0:LIVING,12.36150837,0:ALIVE OR DEAD TUMOR FREE,12.36150837,,,1:PROGRESSION,10.55330901,EUR,High Grade,Primary,Muscle Invasive Urothelial Carcinoma (PT2 or Above),10.226954004865842,5.28002464358295,9.00214835336485,3.201931778296407,10.991082451603912,8.966848600917853,8.90846467866406,4.586668680562112,12.079948051884294,6.380840250319269,1.9407681396652279,Stage IV,4.0,54,12.36150837,0,0,Low ACTN1
TCGA-FD-A6TF,BLCA,BLCA,6134F549-6876-4C07-8E58-49EC87EAF4C0,80,Female,STAGE IV,7TH,63,-29317,0,Not Hispanic Or Latino,12/5/13,No,C67.2,8120/3,C67.2,Yes,No,M1,N2,T3B,Tumor Free,Yes,No,White,No,81,Yes,1:DECEASED,2.268468291,0:ALIVE OR DEAD TUMOR FREE,2.268468291,,,0:CENSORED,2.268468291,EUR,High Grade,Primary,Muscle Invasive Urothelial Carcinoma (PT2 or Above),15.20057298131817,8.042808469649428,7.987264012072538,7.866741104347143,11.08865575375048,8.506728078560743,14.99140226607675,14.189816838958674,13.242982027984421,9.446721473649728,8.233916812579107,Stage IV,4.0,80,2.268468291,1,1,High ACTN1
TCGA-FD-A6TG,BLCA,BLCA,0C890030-9BDB-4247-A3D5-A004F992F99C,73,Male,STAGE IV,7TH,81,-26893,0,Not Hispanic Or Latino,12/5/13,No,C67.2,8120/3,C67.2,Yes,,MX,N2,T3A,Tumor Free,Yes,No,White,No,76,Yes,1:DECEASED,3.05750074,0:ALIVE OR DEAD TUMOR FREE,3.05750074,,,0:CENSORED,3.05750074,EUR,High Grade,Primary,Muscle Invasive Urothelial Carcinoma (PT2 or Above),15.268618752909475,8.076302547599873,7.652213991989376,8.927923113008143,11.472117099066535,7.739422844541272,14.968549803449854,14.22006841125458,13.361093912025185,8.860494193391654,8.465015341076189,Stage IV,4.0,73,3.05750074,1,1,High ACTN1
TCGA-FD-A6TH,BLCA,BLCA,08D13748-0946-49A1-8EB3-5AFD1DEEBC84,63,Male,STAGE IV,7TH,67,-23236,0,Not Hispanic Or Latino,12/5/13,Yes,C67.0,8120/3,C67.0,Yes,Yes,MX,N2,T3,Tumor Free,Yes,Yes,White,No,80,Yes,1:DECEASED,4.306802117,1:DEAD WITH TUMOR,4.306802117,,,1:PROGRESSION,4.142420357,EUR,High Grade,Primary,Muscle Invasive Urothelial Carcinoma (PT2 or Above),12.631709099200677,5.885269296801219,7.7279544799883935,6.421669337835132,10.962288731335597,7.206809252501592,11.978063317448528,8.486770676934716,12.03606025348968,8.640197930354999,5.861300347020389,Stage IV,4.0,63,4.306802117,1,0,Low ACTN1
TCGA-FD-A6TI,BLCA,BLCA,0F956645-35AA-4A68-98D3-EA589459BE00,73,Male,STAGE IV,7TH,122,-26874,0,Not Hispanic Or Latino,12/5/13,No,C67.3,8120/3,C67.3,Yes,,MX,N1,T4B,Tumor Free,Yes,No,White,No,109,Yes,1:DECEASED,9.6656475,0:ALIVE OR DEAD TUMOR FREE,9.6656475,,,0:CENSORED,9.6656475,EUR,High Grade,Primary,Muscle Invasive Urothelial Carcinoma (PT2 or Above),14.100596641013844,5.597894632763965,8.91951885875413,7.4006574661239055,11.093668446058167,8.442960078455046,11.42177556726434,11.2161577491861,11.690369077070661,7.8407464577112185,6.855939879630654,Stage IV,4.0,73,9.6656475,1,0,Low ACTN1
TCGA-FD-A6TK,BLCA,BLCA,65295450-36CD-45A7-A4A6-2D52EE11378F,60,Male,STAGE III,7TH,330,-21942,0,Not Hispanic Or Latino,12/5/13,No,C67.3,8120/3,C67.3,Yes,No,MX,N0,T3A,Tumor Free,Yes,No,White,No,54,Yes,0:LIVING,10.84919617,0:ALIVE OR DEAD TUMOR FREE,10.84919617,0:DiseaseFree,10.84919617,0:CENSORED,10.84919617,EUR,High Grade,Primary,Muscle Invasive Urothelial Carcinoma (PT2 or Above),14.624127175234767,6.1920106598511975,7.899622777302933,7.678670555686787,11.081703121119384,6.946391665306461,13.930487874614943,12.720353290099672,14.22170794493565,9.311528091401367,7.690703426995845,Stage III,3.0,60,10.84919617,0,1,High ACTN1
TCGA-FJ-A3Z7,BLCA,BLCA,6B2D63F2-F390-4601-9640-F769F6E91BF4,76,Male,STAGE IV,7TH,945,-28052,0,Not Hispanic Or Latino,9/27/12,Yes,C67.9,8120/3,C67.9,Yes,No,MX,N2,T4A,Tumor Free,Yes,Yes,White,No,84,Yes,0:LIVING,31.06815268,0:ALIVE OR DEAD TUMOR FREE,31.06815268,,,0:CENSORED,31.06815268,EUR,High Grade,Primary,Muscle Invasive Urothelial Carcinoma (PT2 or Above),14.74339336613219,6.418844343096378,7.60002438646054,8.366514560761784,10.850647863690565,8.023427249909112,12.529857540399028,9.965458198733748,10.977945299002,10.512305910151634,6.0298548054508565,Stage IV,4.0,76,31.06815268,0,0,Low ACTN1
TCGA-FJ-A3Z9,BLCA,BLCA,72FF655F-BB08-40ED-B4C3-E9497D4DA108,72,Male,,7TH,217,-26515,0,Not Hispanic Or Latino,2/5/13,No,C67.2,8130/3,C67.2,Yes,No,M0,N0,TX,Tumor Free,Yes,No,White,No,105,Yes,1:DECEASED,12.65739554,0:ALIVE OR DEAD TUMOR FREE,12.65739554,0:DiseaseFree,12.65739554,0:CENSORED,12.65739554,EUR,High Grade,Primary,Muscle Invasive Urothelial Carcinoma (PT2 or Above),10.66045947765591,3.608099545994382,9.797982449278317,4.947231319272474,10.73185357779208,7.378711020446792,7.992972314844164,4.341886149458572,9.795127290492928,6.69504729065559,4.101750913323433,,,72,12.65739554,1,0,Low ACTN1
TCGA-FJ-A3ZE,BLCA,BLCA,917961E2-78AD-4182-9CDB-5EFB09808111,65,Male,STAGE IV,7TH,106,-23866,0,Not Hispanic Or Latino,9/27/12,No,C67.9,8120/3,C67.9,Yes,Yes,M1,N3,,With Tumor,,No,White,Yes,109,Yes,1:DECEASED,10.65193806,1:DEAD WITH TUMOR,10.65193806,,,1:PROGRESSION,4.99720551,EUR,High Grade,Primary,Muscle Invasive Urothelial Carcinoma (PT2 or Above),10.39968380899701,3.0245324503838953,7.630987837388947,6.551262216326343,9.800835203624821,7.74096802427176,9.684161255623355,6.906325429365221,11.816215687622865,6.01877213504696,2.7117371709712073,Stage IV,4.0,65,10.65193806,1,0,Low ACTN1
TCGA-FJ-A3ZF,BLCA,BLCA,FAE38579-5FE2-4D81-9729-39FDE866D18C,73,Male,STAGE III,7TH,524,-26825,0,Not Hispanic Or Latino,9/28/12,Yes,C67.9,8130/3,C67.9,Yes,No,M0,N0,,With Tumor,,Yes,White,No,108,Yes,0:LIVING,17.22720847,0:ALIVE OR DEAD TUMOR FREE,17.22720847,0:DiseaseFree,17.22720847,0:CENSORED,17.22720847,EUR,High Grade,Primary,Muscle Invasive Urothelial Carcinoma (PT2 or Above),10.973776278346314,4.618532333976294,8.702899911310991,5.1099747860223,11.010269334660485,8.226359204685659,9.736917691387161,6.076073754236094,10.407692648665677,7.910354912205395,4.582598151251824,Stage III,3.0,73,17.22720847,0,0,Low ACTN1
TCGA-FJ-A871,BLCA,BLCA,BB38805E-2CCC-4169-BA01-34B98ADF5BD0,49,Male,STAGE III,7TH,,-18051,0,Not Hispanic Or Latino,1/6/14,No,C67.2,8120/3,C67.2,Yes,No,MX,NX,T3B,With Tumor,No,No,White,No,78,Yes,1:DECEASED,8.942367755,1:DEAD WITH TUMOR,8.942367755,,,1:PROGRESSION,3.484893316,EUR,High Grade,Primary,Muscle Invasive Urothelial Carcinoma (PT2 or Above),11.013022516965139,3.3327365724638613,7.929962567881277,4.2593026213451415,11.519508488088343,7.782021889714615,12.791832381423802,11.470480940867013,13.166640135283652,8.563268738885208,9.909929075712952,Stage III,3.0,49,8.942367755,1,1,High ACTN1
TCGA-FT-A3EE,BLCA,BLCA,CCE62116-3DCD-400D-ADA0-9839CA02466E,80,Female,STAGE III,7TH,,-29293,0,Not Hispanic Or Latino,12/21/11,No,C67.5,8120/3,C67.5,Yes,,MX,N0,T4A,Tumor Free,Yes,No,White,,77,Yes,1:DECEASED,3.254758852,0:ALIVE OR DEAD TUMOR FREE,3.254758852,,,0:CENSORED,3.254758852, ,High Grade,Primary,Muscle Invasive Urothelial Carcinoma (PT2 or Above),11.765103729881401,5.63324810085594,9.004492965253315,4.378823711018723,10.136465701172114,6.9926211632376205,11.093648641196634,7.300865020751677,12.328083031715808,7.832092514944427,4.527364401077441,Stage III,3.0,80,3.254758852,1,1,High ACTN1
TCGA-FT-A61P,BLCA,BLCA,7C698A35-7694-47F0-B681-F08840B95C02,76,Male,STAGE IV,7TH,337,-28082,0,Not Hispanic Or Latino,7/22/13,No,C67.9,8120/3,C67.9,Yes,No,MX,N2,T3B,Tumor Free,Yes,Yes,White,No,88,Yes,0:LIVING,11.07933064,0:ALIVE OR DEAD TUMOR FREE,11.07933064,,,0:CENSORED,11.07933064,EUR,High Grade,Primary,Muscle Invasive Urothelial Carcinoma (PT2 or Above),14.576366243154618,7.557479018783038,8.680429854281575,9.507445814614789,11.459979697646547,8.10413743671561,14.009732411169091,13.657776198136451,13.257885745861591,9.23382336516821,7.751028479649937,Stage IV,4.0,76,11.07933064,0,1,High ACTN1
TCGA-G2-A2EC,,BLCA,28E25FFB-8B0C-4839-A735-ED7B78E3213A,58,Female,STAGE II,2ND,679,-21215,0,Not Hispanic Or Latino,10/27/11,No,C67.9,8120/3,C67.9,Yes,Yes,M0,N0,,Tumor Free,No,No,Black or African American,No,70,No,1:DECEASED,22.88194102,1:DEAD WITH TUMOR,22.88194102,,,1:PROGRESSION,22.32304304, ,High Grade,Primary,Muscle Invasive Urothelial Carcinoma (PT2 or Above),15.81793048095111,7.5117684640373605,9.221372030091548,7.7139157211071625,10.526235128413125,8.728706237121687,14.13782368864792,11.830388440723137,12.846816485201833,9.551439112857565,7.471268764173582,Stage II,2.0,58,22.88194102,1,1,High ACTN1
TCGA-G2-A2EF,BLCA,BLCA,2A142731-119C-495D-AD30-EB0B48BACB46,50,Male,STAGE II,6TH,1884,-18467,0,Not Hispanic Or Latino,10/27/11,No,C67.9,8120/3,C67.9,Yes,No,M0,N0,,Tumor Free,No,No,White,No,73,Yes,0:LIVING,61.93904724,0:ALIVE OR DEAD TUMOR FREE,61.93904724,,,0:CENSORED,61.93904724,EUR,High Grade,Primary,Muscle Invasive Urothelial Carcinoma (PT2 or Above),10.333177717502203,5.784904385164512,6.786949151778802,7.580364103707903,11.436222233577885,6.968367280501693,10.926014248815534,4.993665305256115,13.207151625988676,8.743457744894888,1.3612630469908782,Stage II,2.0,50,61.93904724,0,1,High ACTN1
TCGA-G2-A2EJ,BLCA,BLCA,C6227D39-D9E8-4E28-9E70-D7F720AB25E4,56,Female,STAGE II,6TH,1460,-20649,0,Not Hispanic Or Latino,10/27/11,No,C67.9,8120/3,C67.9,Yes,No,M0,N0,,Tumor Free,No,No,White,No,65.3,Yes,0:LIVING,47.99947398,0:ALIVE OR DEAD TUMOR FREE,47.99947398,1:Recurred/Progressed,29.91748036,1:PROGRESSION,29.91748036,EUR,High Grade,Primary,Muscle Invasive Urothelial Carcinoma (PT2 or Above),10.024460976062873,4.825510899149884,6.120177731389315,3.5094171557477307,10.7590476142946,5.790847610586694,9.023058476652341,5.502117339025808,13.670556673171623,7.0915729052359655,2.547844628364022,Stage II,2.0,56,47.99947398,0,1,High ACTN1
TCGA-G2-A2EK,BLCA,BLCA,5DA1CB68-C438-4DDC-999F-90AED0C4BD7A,57,Male,STAGE II,7TH,485,-20995,0,Not Hispanic Or Latino,10/27/11,No,C67.9,8120/3,C67.9,Yes,Yes,M0,N0,,With Tumor,No,No,White,No,159.3,Yes,0:LIVING,15.94503074,0:ALIVE OR DEAD TUMOR FREE,15.94503074,,,1:PROGRESSION,15.94503074,EUR,High Grade,Primary,Muscle Invasive Urothelial Carcinoma (PT2 or Above),13.903514725004497,6.576180470182428,8.999092394642675,8.476499152900123,9.925591526672978,8.344699805984174,12.922524939559716,12.164979185288434,12.151853744236087,7.752795414021229,6.913128767819739,Stage II,2.0,57,15.94503074,0,1,High ACTN1
TCGA-G2-A2EL,BLCA,BLCA,30C7445E-D0C4-4A0F-96A4-27E4259EE10B,77,Male,STAGE II,6TH,,-28370,0,Not Hispanic Or Latino,10/27/11,No,C67.2,8120/3,C67.2,Yes,Yes,M0,N0,,With Tumor,No,No,White,No,89,Yes,1:DECEASED,26.92573232,1:DEAD WITH TUMOR,26.92573232,,,1:PROGRESSION,3.452016964,EUR,High Grade,Primary,Muscle Invasive Urothelial Carcinoma (PT2 or Above),10.622500303401276,7.499941532202688,7.273599808250062,4.908534331203758,10.752397373354952,5.0616077293477995,10.938594554868835,7.495063525546746,11.700578432149264,6.927434281262995,1.1521834190550453,Stage II,2.0,77,26.92573232,1,0,Low ACTN1
TCGA-G2-A2EO,BLCA,BLCA,98B9AD62-76ED-43E3-91BC-B8F065D79673,69,Male,STAGE III,6TH,1072,-25440,0,Not Hispanic Or Latino,10/27/11,No,C67.3,8120/3,C67.3,Yes,No,M0,N0,T3A,Tumor Free,No,No,White,No,89.2,Yes,1:DECEASED,59.30893908,0:ALIVE OR DEAD TUMOR FREE,59.30893908,0:DiseaseFree,59.30893908,0:CENSORED,59.30893908,EUR,High Grade,Primary,Muscle Invasive Urothelial Carcinoma (PT2 or Above),12.820021358524567,6.078071797665141,9.50246586394898,5.057476266454959,9.74144339072855,7.802122114627687,13.53522676747843,11.836768366993997,12.14105976582026,8.91167061231528,6.17896953992226,Stage III,3.0,69,59.30893908,1,1,High ACTN1
TCGA-G2-A2ES,BLCA,BLCA,72D8EAE8-9EFB-45B2-ACBD-82C6B5732E38,85,Male,STAGE II,6TH,525,-31293,0,Not Hispanic Or Latino,10/27/11,No,C67.9,8120/3,C67.9,Yes,Yes,M0,N0,T3B,Tumor Free,No,Yes,White,No,91.9,Yes,1:DECEASED,33.00785745,1:DEAD WITH TUMOR,33.00785745,,,1:PROGRESSION,29.49008778,EUR,High Grade,Primary,Muscle Invasive Urothelial Carcinoma (PT2 or Above),12.569516250344279,5.611915967331964,7.907804013249351,4.095342162413393,10.157498524075402,5.954294038031166,12.533096078561556,10.251730925686047,12.428645437967376,8.26803664689893,4.574694938139466,Stage II,2.0,85,33.00785745,1,1,High ACTN1
TCGA-G2-A3IB,BLCA,BLCA,AF53D51E-0B5C-437F-A1C0-EC5F55C49364,66,Male,STAGE II,6TH,214,-24149,0,Not Hispanic Or Latino,2/22/12,No,C67.9,8120/3,C67.9,Yes,No,MX,NX,,With Tumor,No,No,Black or African American,No,83.6,Yes,1:DECEASED,7.232797449,1:DEAD WITH TUMOR,7.232797449,,,1:PROGRESSION,7.232797449, ,High Grade,Primary,Muscle Invasive Urothelial Carcinoma (PT2 or Above),8.707897453707446,7.107625105693886,5.773640353145501,4.287804709077553,10.358266577453128,4.421129024356976,10.329661814928993,7.96719166833043,13.079369776981148,5.822668972299477,1.8669079781431661,Stage II,2.0,66,7.232797449,1,1,High ACTN1
TCGA-G2-A3IE,BLCA,BLCA,C65BA2B8-E867-42E8-BBD0-C2CDF5130CFB,51,Male,STAGE II,6TH,,-18983,0,Not Hispanic Or Latino,2/22/12,No,C67.9,8120/3,C67.9,Yes,No,MX,NX,,With Tumor,No,No,White,No,98.1,Yes,1:DECEASED,20.12032745,1:DEAD WITH TUMOR,20.12032745,,,1:PROGRESSION,20.12032745,EUR,High Grade,Primary,Muscle Invasive Urothelial Carcinoma (PT2 or Above),11.004079982843631,4.497957191746175,10.664713931816244,4.0378478157886795,10.633031536610748,7.945344336737134,9.406647208192275,6.4272625532352174,10.699546427285094,7.487783771638064,4.657628573347628,Stage II,2.0,51,20.12032745,1,0,Low ACTN1
TCGA-G2-A3VY,BLCA,BLCA,CD50C69F-0F45-4C57-B61A-8C6B41AB4F7E,66,Male,STAGE II,7TH,536,-24112,0,Not Hispanic Or Latino,9/6/12,No,C67.9,8120/3,C67.9,Yes,No,,,,With Tumor,No,Yes,Asian,No,74,Yes,0:LIVING,17.62172469,0:ALIVE OR DEAD TUMOR FREE,17.62172469,,,0:CENSORED,17.62172469,SAS_ADMIX,High Grade,Primary,Muscle Invasive Urothelial Carcinoma (PT2 or Above),10.7715142295005,3.749759503587054,8.490112798084148,3.3132458517875616,11.306591491973728,8.385141951510406,9.052801688708783,5.431141535361186,10.736385018029925,6.688893695073582,2.610841773744415,Stage II,2.0,66,17.62172469,0,0,Low ACTN1
TCGA-G2-AA3B,BLCA,BLCA,22424A05-0546-44C2-8AB7-ABB8E49C3363,75,Female,STAGE II,6TH,2008,-27646,0,Not Hispanic Or Latino,7/11/14,No,C67.9,8120/3,C67.9,Yes,No,M0,N0,T2,Tumor Free,Yes,No,White,No,76,Yes,0:LIVING,66.0157149,0:ALIVE OR DEAD TUMOR FREE,66.0157149,0:DiseaseFree,66.0157149,0:CENSORED,66.0157149,EUR,High Grade,Primary,Muscle Invasive Urothelial Carcinoma (PT2 or Above),10.511841584282344,3.5912246139059976,8.306704263528355,5.2418706841944935,10.251435069563229,8.98743740933162,9.476201420439127,5.426214427253095,10.22013644739608,6.924444361608158,3.7178134897180493,Stage II,2.0,75,66.0157149,0,0,Low ACTN1
TCGA-G2-AA3C,BLCA,BLCA,C04CC413-95B0-4B56-AF55-9596A5EAD4A6,66,Male,STAGE IV,6TH,,-24267,0,Not Hispanic Or Latino,7/11/14,No,C67.9,8120/3,C67.9,Yes,No,M0,N1,T3B,With Tumor,Yes,No,White,No,90,Yes,1:DECEASED,6.93691028,1:DEAD WITH TUMOR,6.93691028,,,1:PROGRESSION,6.93691028,EUR,High Grade,Primary,Muscle Invasive Urothelial Carcinoma (PT2 or Above),12.090340718016893,4.004447458701938,9.420741338385067,1.810730997150753,10.998470552743061,8.161439289174483,11.554713547322727,7.637711669476824,12.945582831739687,9.996967719549533,8.980579461138145,Stage IV,4.0,66,6.93691028,1,1,High ACTN1
TCGA-G2-AA3D,BLCA,BLCA,E1540865-69C2-4B60-A78E-97D0CE2957DC,60,Male,STAGE IV,6TH,2139,-22205,0,Not Hispanic Or Latino,7/11/14,No,C67.9,8120/3,C67.9,Yes,No,M0,N2,T3,Tumor Free,Yes,No,White,No,107,Yes,0:LIVING,70.32251701,0:ALIVE OR DEAD TUMOR FREE,70.32251701,,,0:CENSORED,70.32251701,EUR,High Grade,Primary,Muscle Invasive Urothelial Carcinoma (PT2 or Above),11.00032400644537,2.5935689041583045,7.488539109373061,5.453023646529056,10.841619381369101,8.160027704339978,8.785772849837604,5.610017880257182,10.633276804079369,7.309458163718036,5.453023646529056,Stage IV,4.0,60,70.32251701,0,0,Low ACTN1
TCGA-G2-AA3F,BLCA,BLCA,9883C38F-87BF-4421-BFC0-1B1001F8159C,77,Male,STAGE IV,7TH,893,-28457,0,Not Hispanic Or Latino,7/11/14,No,C67.9,8120/3,C67.9,Yes,No,M0,N1,T3,With Tumor,Yes,No,White,No,91,Yes,0:LIVING,29.35858237,0:ALIVE OR DEAD TUMOR FREE,29.35858237,,,0:CENSORED,29.35858237,EUR,High Grade,Primary,Muscle Invasive Urothelial Carcinoma (PT2 or Above),11.758523050896516,4.410788824228062,7.10149250381296,2.8795881504793326,10.882452001882136,8.431297012871324,10.481486645689351,7.7682769719422895,11.126401191115587,7.357191285766126,3.3976797663240097,Stage IV,4.0,77,29.35858237,0,0,Low ACTN1
TCGA-GC-A3BM,BLCA,BLCA,7840AEA9-40C4-473E-BE33-8FA0B9F332C9,70,Male,STAGE II,7TH,88,-25609,0,Not Hispanic Or Latino,9/25/12,No,C67.1,8120/3,C67.1,Yes,Yes,M0,N0,T2B,,Yes,No,White,No,86,Yes,1:DECEASED,21.40250518,1:DEAD WITH TUMOR,21.40250518,,,1:PROGRESSION,21.40250518,EUR,High Grade,Primary,Muscle Invasive Urothelial Carcinoma (PT2 or Above),12.41588170081025,4.827280453418785,8.32513452552061,5.315990021322424,10.04005678849319,8.798834656857956,10.336573504662631,8.63937327068067,10.965502931696308,8.167754317332369,2.4585919881518556,Stage II,2.0,70,21.40250518,1,0,Low ACTN1
TCGA-GC-A3I6,BLCA,BLCA,74CBB078-9AAE-422A-A7AF-DD29EBCA949E,45,Male,STAGE III,7TH,68,-16504,0,Not Hispanic Or Latino,4/17/12,No,C67.9,8120/3,C67.9,Yes,Yes,M0,N0,T3A,With Tumor,Yes,No,White,No,81,Yes,1:DECEASED,20.71210179,1:DEAD WITH TUMOR,20.71210179,,,1:PROGRESSION,17.95048821,EUR,High Grade,Primary,Muscle Invasive Urothelial Carcinoma (PT2 or Above),11.70134545318958,4.946450152864224,6.614126759732885,5.273702368735646,10.67212474919181,7.307546923335897,11.915035319655574,10.202931898607375,12.578877404796975,7.595078415748639,4.338788073578297,Stage III,3.0,45,20.71210179,1,1,High ACTN1
TCGA-GC-A3OO,BLCA,BLCA,1FF60FD9-3CA3-43BE-92A8-8DBA2CD4D4DF,79,Male,STAGE II,7TH,481,-29065,0,Not Hispanic Or Latino,9/25/12,No,C67.9,8120/3,C67.9,Yes,No,M0,N0,T2B,Tumor Free,Yes,No,White,No,130,Yes,0:LIVING,15.81352533,0:ALIVE OR DEAD TUMOR FREE,15.81352533,0:DiseaseFree,15.81352533,0:CENSORED,15.81352533,EUR,High Grade,Primary,Muscle Invasive Urothelial Carcinoma (PT2 or Above),15.346769949451406,8.338544753209034,8.634074089414018,8.720398183156782,11.187073653211254,7.30770173701787,14.936541326724832,14.347039966016418,13.722903565364954,8.691593485041775,7.753624591398619,Stage II,2.0,79,15.81352533,0,1,High ACTN1
TCGA-GC-A3RB,BLCA,BLCA,A0BCF1B1-4DD4-4D7F-B63E-B49296671451,54,Male,STAGE III,7TH,582,-20021,0,Not Hispanic Or Latino,9/25/12,No,C67.9,8120/3,C67.9,Yes,No,M0,N0,T3B,Tumor Free,Yes,No,White,No,,Yes,0:LIVING,19.13403689,0:ALIVE OR DEAD TUMOR FREE,19.13403689,0:DiseaseFree,19.13403689,0:CENSORED,19.13403689,EUR,High Grade,Primary,Muscle Invasive Urothelial Carcinoma (PT2 or Above),12.43110318584545,4.312570791266611,6.821506141897494,7.508571266916895,11.343779774683398,6.424890184685476,9.729134665467333,7.434353005222484,11.907679353802589,6.917909073852982,3.616063575562696,Stage III,3.0,54,19.13403689,0,0,Low ACTN1
TCGA-GC-A3RC,BLCA,BLCA,BD7F2C90-863E-4380-AD31-8755BCB2F975,59,Male,STAGE II,7TH,484,-21668,0,Not Hispanic Or Latino,9/25/12,No,C67.9,8120/3,C67.9,Yes,No,M0,N0,T2B,Tumor Free,Yes,No,White,No,111,Yes,0:LIVING,15.91215439,0:ALIVE OR DEAD TUMOR FREE,15.91215439,0:DiseaseFree,15.91215439,0:CENSORED,15.91215439,EUR,High Grade,Primary,Muscle Invasive Urothelial Carcinoma (PT2 or Above),11.940401697969842,5.318103494715202,8.042545849100161,4.121106602937482,11.29825735850544,5.47832794767485,9.188964614497454,2.2475629970713538,13.228376797471284,8.311866359179655,1.9303967267254547,Stage II,2.0,59,15.91215439,0,1,High ACTN1
TCGA-GC-A3RD,BLCA,BLCA,6A2155B3-915C-41B1-B730-32E55E0C1FBD,83,Female,STAGE III,7TH,428,-30529,0,Not Hispanic Or Latino,9/24/12,No,C67.0,8120/3,C67.0,Yes,No,M0,N0,T3A,Tumor Free,Yes,No,White,No,71,Yes,0:LIVING,14.07107867,0:ALIVE OR DEAD TUMOR FREE,14.07107867,0:DiseaseFree,14.07107867,0:CENSORED,14.07107867,EUR,High Grade,Primary,Muscle Invasive Urothelial Carcinoma (PT2 or Above),11.037608723597796,5.209149197855573,8.480398429449208,3.770395643967555,10.274203411734849,7.735129498521328,10.84775424538079,8.689875703946946,11.710668699674626,7.440163216049063,5.675175155531227,Stage III,3.0,83,14.07107867,0,0,Low ACTN1
TCGA-GC-A3WC,BLCA,BLCA,DB52C68A-ED44-4EC4-9381-D75F9BCBC29A,80,Female,STAGE III,7TH,540,-29295,0,Not Hispanic Or Latino,9/25/12,No,C67.9,8120/3,C67.9,Yes,No,MX,N0,T3,Tumor Free,Yes,Yes,White,No,62,Yes,0:LIVING,17.7532301,0:ALIVE OR DEAD TUMOR FREE,17.7532301,0:DiseaseFree,17.7532301,0:CENSORED,17.7532301,EUR,High Grade,Primary,Muscle Invasive Urothelial Carcinoma (PT2 or Above),13.102435054822207,6.4234588378220945,6.952787831945273,8.801688961205675,11.373088083961779,7.478793883238774,13.227591878242022,12.415805135641076,12.205756601301518,7.949960908707292,7.455524498445288,Stage III,3.0,80,17.7532301,0,1,High ACTN1
TCGA-GC-A3YS,BLCA,BLCA,4D323B18-CE5A-4516-862D-7ED1FDF1F008,61,Male,STAGE IV,7TH,758,-22515,0,Not Hispanic Or Latino,10/4/12,No,C67.9,8120/3,C67.9,Yes,No,MX,N1,T3A,Tumor Free,Yes,No,White,No,81,Yes,0:LIVING,24.92027485,0:ALIVE OR DEAD TUMOR FREE,24.92027485,,,0:CENSORED,24.92027485,EUR,High Grade,Primary,Muscle Invasive Urothelial Carcinoma (PT2 or Above),12.509752740342787,5.350285070447103,6.483543332030449,6.28130878113396,11.068778277985412,7.100515171349362,13.08927998275651,10.935113471228764,14.056426036579934,8.559965903517487,6.7278524013052845,Stage IV,4.0,61,24.92027485,0,1,High ACTN1
TCGA-GC-A4ZW,BLCA,BLCA,A9E17A7D-7FF4-44E3-B8C9-B0D2F46B6CD5,71,Male,STAGE III,7TH,15,-25964,0,Not Hispanic Or Latino,3/15/13,No,C67.9,8120/3,C67.9,Yes,No,M0,N0,T3A,Tumor Free,Yes,No,White,,89,Yes,0:LIVING,0.493145281,0:ALIVE OR DEAD TUMOR FREE,0.493145281,,,0:CENSORED,0.493145281,EUR,High Grade,Primary,Muscle Invasive Urothelial Carcinoma (PT2 or Above),11.048214384608036,1.4769000832037464,8.590025580734611,3.309991039260069,11.134009110533977,7.587087407471549,9.186723386426216,5.142940260303798,10.921945045331311,7.274531908270784,4.596088353859657,Stage III,3.0,71,0.493145281,0,0,Low ACTN1
TCGA-GC-A6I1,BLCA,BLCA,54C04BCC-EBD5-461E-BBD5-B4D791B00C95,90,Female,STAGE II,7TH,81,-32873,0,Not Hispanic Or Latino,9/19/13,No,C67.9,8120/3,C67.9,Yes,No,MX,N0,T2B,Tumor Free,Yes,No,White,No,61,Yes,1:DECEASED,8.942367755,0:ALIVE OR DEAD TUMOR FREE,8.942367755,0:DiseaseFree,8.942367755,0:CENSORED,8.942367755,EUR,High Grade,Primary,Muscle Invasive Urothelial Carcinoma (PT2 or Above),11.568526197944477,6.623319662106071,8.14868502701937,4.152921617387785,9.899893113050506,6.776156640216047,10.4062262682694,6.408463918966977,13.502309714505586,9.21526360680821,2.867085955586428,Stage II,2.0,90,8.942367755,1,1,High ACTN1
TCGA-GC-A6I3,BLCA,BLCA,ACF6BDF3-6349-49DC-B99A-4EDA648EEAC5,90,Female,STAGE IV,7TH,423,-32873,0,Not Hispanic Or Latino,10/15/13,No,C67.9,8120/3,C67.9,Yes,No,MX,N1,T3A,Tumor Free,Yes,No,Black or African American,No,132,Yes,0:LIVING,13.90669691,0:ALIVE OR DEAD TUMOR FREE,13.90669691,,,0:CENSORED,13.90669691, ,High Grade,Primary,Muscle Invasive Urothelial Carcinoma (PT2 or Above),12.307166648632808,4.495797477793141,9.3944927057849,6.97330130614614,9.90864030469509,9.08410413825281,12.556968198676536,10.488030907030025,10.543795511576178,8.786808699474266,6.424566072046892,Stage IV,4.0,90,13.90669691,0,0,Low ACTN1
TCGA-GD-A2C5,BLCA,BLCA,5D54C742-5A8E-4C40-8D62-95E75E210AB8,53,Female,STAGE IV,7TH,812,-19498,0,Not Hispanic Or Latino,10/20/11,No,C67.9,8120/3,C67.9,Yes,No,MX,N2,T3A,,Yes,No,White,,54,Yes,0:LIVING,26.69559786,0:ALIVE OR DEAD TUMOR FREE,26.69559786,,,1:PROGRESSION,7.035539337,EUR,High Grade,Primary,Muscle Invasive Urothelial Carcinoma (PT2 or Above),13.160139295018343,7.43419452001193,9.29962702609384,4.9722744875195035,10.061074116769811,8.138097693370923,13.134565898064587,11.065523844704474,12.03937832950456,8.817831077599346,6.462278131336115,Stage IV,4.0,53,26.69559786,0,0,Low ACTN1
TCGA-GD-A3OP,BLCA,BLCA,31DA07BB-6752-49A3-A7EA-5427C04A9458,84,Female,STAGE IV,7TH,64,-30956,0,Not Hispanic Or Latino,7/3/12,No,C67.9,8120/3,C67.9,Yes,,MX,N2,T4A,,Yes,No,White,,,Yes,0:LIVING,2.104086531,0:ALIVE OR DEAD TUMOR FREE,2.104086531,,,0:CENSORED,2.104086531,EUR,High Grade,Primary,Muscle Invasive Urothelial Carcinoma (PT2 or Above),14.346222837904868,6.392581892627261,9.097247338325973,8.329881529818106,10.824887160718822,8.794922670174419,12.790028722295899,10.943657652050167,11.991238381089836,9.135119263497058,7.858223496756647,Stage IV,4.0,84,2.104086531,0,0,Low ACTN1
TCGA-GD-A3OQ,BLCA,BLCA,2E85C30C-C4C4-4096-9EEF-4EB2C7D991A3,48,Male,STAGE IV,7TH,95,-17682,0,Not Hispanic Or Latino,7/3/12,No,C67.9,8120/3,C67.9,Yes,,MX,N1,T4A,,Yes,No,White,,,Yes,0:LIVING,3.123253444,0:ALIVE OR DEAD TUMOR FREE,3.123253444,,,0:CENSORED,3.123253444,EUR,High Grade,Primary,Muscle Invasive Urothelial Carcinoma (PT2 or Above),11.663700409903015,4.382466672377503,7.573987941352534,3.4097575038332284,10.839014776365659,6.772294776941352,11.434920072835062,8.762368749575696,12.904453991263397,7.598834136017684,4.003890027433372,Stage IV,4.0,48,3.123253444,0,1,High ACTN1
TCGA-GD-A3OS,BLCA,BLCA,2A41B7D4-132F-4FB6-87B5-487C445379C7,54,Female,STAGE II,7TH,638,-19776,0,Not Hispanic Or Latino,7/5/12,No,C67.9,8120/3,C67.9,Yes,Yes,MX,NX,,,No,No,White,No,78,Yes,0:LIVING,20.9751126,0:ALIVE OR DEAD TUMOR FREE,20.9751126,,,1:PROGRESSION,7.331426505,EUR,High Grade,Primary,Muscle Invasive Urothelial Carcinoma (PT2 or Above),10.151600096948101,3.8998716692711457,8.232296200018839,7.020435527771082,10.830372594158208,8.34986504550153,12.475168501212366,10.090019766548917,12.979296568940237,7.358114897735208,9.904109225469432,Stage II,2.0,54,20.9751126,0,1,High ACTN1
TCGA-GD-A6C6,BLCA,BLCA,AADCF26B-C398-489F-A86A-E8DB1B5DB456,64,Male,STAGE III,7TH,67,-23631,0,Not Hispanic Or Latino,11/27/13,No,C67.9,8120/3,C67.9,Yes,,MX,N0,T3A,Tumor Free,Yes,No,White,,57,Yes,0:LIVING,2.202715587,0:ALIVE OR DEAD TUMOR FREE,2.202715587,0:DiseaseFree,2.202715587,0:CENSORED,2.202715587,EUR,High Grade,Primary,Muscle Invasive Urothelial Carcinoma (PT2 or Above),11.68053094875402,3.492327504689135,9.505738127406644,2.6934535033133997,8.513131448309698,9.853623015081148,11.11271967779906,9.11022228303048,10.860287772939676,8.884692542857966,5.191649500349297,Stage III,3.0,64,2.202715587,0,0,Low ACTN1
TCGA-GD-A76B,BLCA,BLCA,6C1FFAF7-FDAE-4AB0-8DD1-6738937357BA,86,Female,STAGE II,7TH,224,-31571,0,Not Hispanic Or Latino,1/23/14,No,C67.9,8120/3,C67.9,Yes,,MX,N0,T2B,Tumor Free,Yes,No,White,,71,Yes,0:LIVING,7.364302857,0:ALIVE OR DEAD TUMOR FREE,7.364302857,0:DiseaseFree,7.364302857,0:CENSORED,7.364302857,EUR,High Grade,Primary,Muscle Invasive Urothelial Carcinoma (PT2 or Above),13.078602830295036,4.0767984983416135,8.963138843382396,6.230399018399111,10.874113011095961,9.224165717150322,12.011042013790076,11.062585866511256,11.192218828212596,8.95863101032374,5.728845660309872,Stage II,2.0,86,7.364302857,0,0,Low ACTN1
TCGA-GU-A42P,BLCA,BLCA,FF5B9238-38A7-42B4-9D44-3B8EC9913F6D,72,Male,STAGE IV,7TH,195,-26546,0,Not Hispanic Or Latino,10/30/12,No,C67.9,8120/3,C67.9,Yes,No,M0,N1,T3A,Tumor Free,Yes,No,White,No,80,Yes,1:DECEASED,10.91494888,0:ALIVE OR DEAD TUMOR FREE,10.91494888,,,0:CENSORED,10.91494888,EUR,High Grade,Primary,Muscle Invasive Urothelial Carcinoma (PT2 or Above),11.691381491622407,4.61073549134219,9.891897595699525,5.40877978292586,11.40811209927203,8.785132015315988,10.73308313184512,8.099474057134433,11.783951775510246,7.812985886779368,3.8379028862205704,Stage IV,4.0,72,10.91494888,1,0,Low ACTN1
TCGA-GU-A42Q,BLCA,BLCA,9C46846E-7F66-4936-AF97-50A7B8189D84,67,Male,STAGE III,7TH,231,-24534,0,Not Hispanic Or Latino,10/30/12,No,C67.9,8120/3,C67.9,Yes,No,M0,N0,T3B,Tumor Free,Yes,No,White,No,89,Yes,1:DECEASED,11.3094651,0:ALIVE OR DEAD TUMOR FREE,11.3094651,0:DiseaseFree,11.3094651,0:CENSORED,11.3094651,EUR,High Grade,Primary,Muscle Invasive Urothelial Carcinoma (PT2 or Above),10.097729295842697,4.919640413993434,6.232587852805247,4.377519429307355,11.137010330802674,6.479149704887434,11.598005960861256,10.988627886636689,12.73198506291312,5.802782584837805,5.251647145389999,Stage III,3.0,67,11.3094651,1,1,High ACTN1
TCGA-GU-A42R,BLCA,BLCA,0691B8C5-6244-407C-8601-FA1BDA01FF2A,68,Male,STAGE IV,7TH,344,-25134,0,Not Hispanic Or Latino,10/30/12,No,C67.9,8120/3,C67.9,Yes,No,MX,N2,T4A,With Tumor,Yes,No,White,No,102,Yes,1:DECEASED,18.96965513,1:DEAD WITH TUMOR,18.96965513,,,1:PROGRESSION,2.991748036,EUR,High Grade,Primary,Muscle Invasive Urothelial Carcinoma (PT2 or Above),12.870418665504754,4.677581530889808,7.127199910926405,5.856694433124386,10.992768430768924,7.54979236743387,10.400847423463086,6.876332760973216,10.996127426394168,8.385832209397945,5.331268100238397,Stage IV,4.0,68,18.96965513,1,0,Low ACTN1
TCGA-GU-A762,BLCA,BLCA,6A1EEE8D-CF62-47E9-9322-C18633CB3EE9,87,Male,STAGE IV,7TH,62,-31812,0,Not Hispanic Or Latino,2/19/14,No,C67.9,8120/3,C67.9,Yes,No,MX,N2,T4A,With Tumor,Yes,No,White,No,75,Yes,1:DECEASED,7.627313673,1:DEAD WITH TUMOR,7.627313673,,,1:PROGRESSION,7.627313673,EUR,High Grade,Primary,Muscle Invasive Urothelial Carcinoma (PT2 or Above),12.663978310220955,5.004321605950094,8.487208967907437,8.393858050832815,10.900663065738652,7.529086921442396,12.294098021844501,7.913828877206966,13.77810793846837,9.367882104365172,3.4016304665847406,Stage IV,4.0,87,7.627313673,1,1,High ACTN1
TCGA-GU-A763,BLCA,BLCA,F632BC31-3AA0-4783-B10B-818ECB26D40B,72,Male,STAGE III,7TH,997,-26527,0,Not Hispanic Or Latino,2/19/14,No,C67.2,8120/3,C67.2,Yes,No,M0,N0,T4,With Tumor,Yes,Yes,White,No,73,Yes,0:LIVING,32.77772298,0:ALIVE OR DEAD TUMOR FREE,32.77772298,,,1:PROGRESSION,9.961534668,EUR,High Grade,Primary,Muscle Invasive Urothelial Carcinoma (PT2 or Above),10.158710660711781,2.086138348587904,11.329286204338882,5.028966899304255,9.113864555563284,9.55079872146987,9.9662732754017,8.173337344732348,10.027629591733156,6.3743944198785965,5.213829395737934,Stage III,3.0,72,32.77772298,0,0,Low ACTN1
TCGA-GU-A764,BLCA,BLCA,20EBEFF1-E5A7-423A-BE93-E7EBB82438AC,66,Male,STAGE II,7TH,610,-24343,0,Not Hispanic Or Latino,2/19/14,No,C67.3,8120/3,C67.3,Yes,No,MX,N0,T2B,Tumor Free,Yes,No,White,No,73,Yes,0:LIVING,20.05457474,0:ALIVE OR DEAD TUMOR FREE,20.05457474,0:DiseaseFree,20.05457474,0:CENSORED,20.05457474,EUR,High Grade,Primary,Muscle Invasive Urothelial Carcinoma (PT2 or Above),13.422564155055031,6.5235133426876875,8.471008575926495,7.4248717139010445,11.096484568361614,7.794766749497615,13.061995527792543,11.933904535601481,13.5772517848955,9.166042539121227,6.274317578585824,Stage II,2.0,66,20.05457474,0,1,High ACTN1
TCGA-GU-A766,BLCA,BLCA,E7680A8E-1C0E-426B-ABD8-D0D8E7D0E5AA,62,Male,STAGE II,7TH,480,-22774,0,Not Hispanic Or Latino,2/19/14,No,C67.9,8120/3,C67.9,Yes,No,MX,N0,T2A,With Tumor,Yes,No,White,No,102,Yes,0:LIVING,15.78064898,0:ALIVE OR DEAD TUMOR FREE,15.78064898,,,0:CENSORED,15.78064898,EUR,High Grade,Primary,Muscle Invasive Urothelial Carcinoma (PT2 or Above),13.013535537250574,4.943030499084064,7.917157225748051,7.3403842354553985,10.951678123606657,7.498881110975981,12.965885269780511,12.443637729417551,13.519353681014001,10.147891759061789,6.468131996955549,Stage II,2.0,62,15.78064898,0,1,High ACTN1
TCGA-GU-A767,BLCA,BLCA,BFABA069-0914-46B4-927D-B5EA3A4A341F,81,Male,STAGE IV,7TH,,-29739,0,Not Hispanic Or Latino,2/19/14,No,C67.9,8120/3,C67.9,Yes,No,MX,N2,T3B,With Tumor,Yes,No,White,No,78,Yes,1:DECEASED,4.734194694,1:DEAD WITH TUMOR,4.734194694,,,1:PROGRESSION,4.734194694,EUR,High Grade,Primary,Muscle Invasive Urothelial Carcinoma (PT2 or Above),14.150818265725507,6.04193288184217,9.015442930282378,7.44032935337942,10.767373408190675,9.047113003225592,14.76638914592331,14.365666294688761,12.052208011356841,9.929789518576762,8.88091199983191,Stage IV,4.0,81,4.734194694,1,0,Low ACTN1
TCGA-GU-AATO,BLCA,BLCA,CD20B968-B348-44EB-9CDB-F557AF8FB468,75,Male,STAGE IV,7TH,,-27684,0,Not Hispanic Or Latino,8/25/14,No,C67.9,8120/3,C67.9,Yes,No,MX,N2,T4A,With Tumor,Yes,No,White,No,68,Yes,1:DECEASED,10.65193806,1:DEAD WITH TUMOR,10.65193806,,,1:PROGRESSION,10.65193806,EUR,High Grade,Primary,Muscle Invasive Urothelial Carcinoma (PT2 or Above),13.270987303662219,5.186302458719212,9.37750771665027,6.993991303245614,9.484716173166108,9.36333098798742,13.242642695343465,11.530142940736233,11.997080662824573,8.368676693843938,6.091883861209464,Stage IV,4.0,75,10.65193806,1,0,Low ACTN1
TCGA-GU-AATP,BLCA,BLCA,3B16881A-88C2-4048-B78F-E3E183503F70,74,Male,STAGE IV,7TH,1003,-27049,0,Not Hispanic Or Latino,8/25/14,No,C67.2,8120/3,C67.2,Yes,Yes,MX,N2,T2,With Tumor,Yes,Yes,White,No,118,Yes,0:LIVING,32.9749811,0:ALIVE OR DEAD TUMOR FREE,32.9749811,,,1:PROGRESSION,19.59430582,EUR,High Grade,Primary,Muscle Invasive Urothelial Carcinoma (PT2 or Above),13.014344830945008,6.42491369261456,9.50186106379501,5.021426424884873,10.500134795696125,8.817687205342425,13.377617247970784,12.199604870276149,12.320574933893157,9.348296608815819,7.895962978241703,Stage IV,4.0,74,32.9749811,0,1,High ACTN1
TCGA-GU-AATQ,BLCA,BLCA,AFF1533B-486E-40B5-A35A-CFAAC5823706,68,Male,STAGE III,7TH,,-25185,0,Not Hispanic Or Latino,8/25/14,No,C67.9,8120/3,C67.9,Yes,No,MX,N0,T3B,With Tumor,Yes,No,White,No,73,Yes,1:DECEASED,7.002662985,1:DEAD WITH TUMOR,7.002662985,,,1:PROGRESSION,7.002662985,EUR,High Grade,Primary,Muscle Invasive Urothelial Carcinoma (PT2 or Above),11.822471248893812,4.606459995202512,7.996733334041571,5.52116383573746,11.154520680733125,7.9907790495817785,12.181969055739032,12.292143298230625,12.487624015260122,7.3140711014319395,5.825411678844514,Stage III,3.0,68,7.002662985,1,1,High ACTN1
TCGA-GV-A3JV,BLCA,BLCA,01EE41EF-1894-4408-9E96-A22A1F068190,66,Male,STAGE IV,7TH,134,-24243,0,Not Hispanic Or Latino,3/6/12,No,C67.9,8120/3,C67.9,Yes,Yes,MX,N1,T3B,Tumor Free,Yes,No,White,No,76.7,Yes,1:DECEASED,14.26833679,1:DEAD WITH TUMOR,14.26833679,,,1:PROGRESSION,4.405431173,EUR,High Grade,Primary,Muscle Invasive Urothelial Carcinoma (PT2 or Above),13.671496838718168,4.979993300944424,9.464366040396218,9.531149440900903,10.318791334034833,8.522432448333884,11.5505928897043,8.676609449173073,11.580098363858696,9.007554336138273,5.122407675872788,Stage IV,4.0,66,14.26833679,1,0,Low ACTN1
TCGA-GV-A3JW,BLCA,BLCA,3D644EAF-82FC-4BC7-93B7-3E600E8C6511,74,Male,STAGE II,7TH,649,-27091,0,Not Hispanic Or Latino,1/30/12,No,C67.9,8120/3,C67.9,Yes,Yes,MX,NX,T2,Tumor Free,No,No,White,Yes,88,Yes,0:LIVING,21.33675247,0:ALIVE OR DEAD TUMOR FREE,21.33675247,,,1:PROGRESSION,8.909491403,EUR,High Grade,Primary,Muscle Invasive Urothelial Carcinoma (PT2 or Above),11.92956541106837,5.052733231288325,7.699967990725772,4.5397729892129295,11.50282186126859,7.953695934213748,10.668362045476083,7.79144944511377,10.801328439614405,7.422443266236725,7.5779725687138075,Stage II,2.0,74,21.33675247,0,0,Low ACTN1
TCGA-GV-A3JX,BLCA,BLCA,D9DCBB57-F6C2-4465-8A60-AFE876E113CA,59,Male,STAGE III,7TH,581,-21888,0,Not Hispanic Or Latino,1/30/12,No,C67.9,8120/3,C67.9,Yes,No,MX,N0,T3B,Tumor Free,Yes,No,White,No,63.3,Yes,0:LIVING,19.10116054,0:ALIVE OR DEAD TUMOR FREE,19.10116054,0:DiseaseFree,19.10116054,0:CENSORED,19.10116054,EUR,High Grade,Primary,Muscle Invasive Urothelial Carcinoma (PT2 or Above),11.851710006931258,5.005116990537486,8.932634061950452,5.639562115954081,11.235068833243574,8.009890185968787,9.574886766689819,6.57749227500888,11.969602369789069,8.507382382718855,3.1924940378991624,Stage III,3.0,59,19.10116054,0,0,Low ACTN1
TCGA-GV-A3JZ,BLCA,BLCA,9CC92795-7A24-4875-87F0-3EFCCBFCC970,55,Male,STAGE IV,7TH,603,-20420,0,Not Hispanic Or Latino,1/30/12,No,C67.9,8120/3,C67.9,Yes,No,MX,N3,T4A,Tumor Free,Yes,Yes,White,No,84,Yes,0:LIVING,19.82444028,0:ALIVE OR DEAD TUMOR FREE,19.82444028,,,0:CENSORED,19.82444028,EUR,High Grade,Primary,Muscle Invasive Urothelial Carcinoma (PT2 or Above),13.421341660174953,5.54446683930027,8.478462243151103,8.267662196886702,11.197646734005192,8.734052468614388,12.341516043483335,9.75603919463705,11.962418882999566,8.696473796709945,4.880998907660117,Stage IV,4.0,55,19.82444028,0,0,Low ACTN1
TCGA-GV-A3QF,BLCA,BLCA,47990D5E-A0E1-4752-86F5-4F5B84E219DF,79,Male,STAGE IV,7TH,232,-28890,0,Not Hispanic Or Latino,6/18/12,No,C67.3,8120/3,C67.3,Yes,No,MX,N2,T3B,Tumor Free,Yes,No,White,No,74,Yes,1:DECEASED,20.28470921,0:ALIVE OR DEAD TUMOR FREE,20.28470921,,,0:CENSORED,20.28470921,EUR,High Grade,Primary,Muscle Invasive Urothelial Carcinoma (PT2 or Above),11.70431435437307,4.4887463563265335,8.668417007279642,2.1166641780021793,10.534361250594497,7.829297790892349,10.920784557136681,7.862184797914216,10.82600816991912,7.814101754498189,1.5394318114348329,Stage IV,4.0,79,20.28470921,1,0,Low ACTN1
TCGA-GV-A3QH,BLCA,BLCA,33BC6A7C-9844-41E3-96B3-1E34BB3FEDD5,67,Male,STAGE II,7TH,237,-24681,0,Not Hispanic Or Latino,6/18/12,No,C67.0,8120/3,C67.0,Yes,No,MX,NX,,Tumor Free,No,No,White,No,91,Yes,1:DECEASED,8.482098826,0:ALIVE OR DEAD TUMOR FREE,8.482098826,,,1:PROGRESSION,4.109544005,EUR,High Grade,Primary,Muscle Invasive Urothelial Carcinoma (PT2 or Above),10.648465443027314,3.0332291607851105,9.277591949853244,3.5772233615461007,11.477818967623012,8.803704927516732,9.040021160201604,6.104376501133466,11.169386394953438,6.5658317165817905,5.560207476720431,Stage II,2.0,67,8.482098826,1,0,Low ACTN1
TCGA-GV-A3QI,BLCA,BLCA,06F936E9-5A90-40D3-B91A-713F2B4E6E11,47,Male,STAGE III,7TH,1110,-17383,0,Not Hispanic Or Latino,6/18/12,No,C67.4,8120/3,C67.4,Yes,Yes,MX,N0,T3B,Tumor Free,Yes,No,White,No,77,Yes,0:LIVING,36.49275076,0:ALIVE OR DEAD TUMOR FREE,36.49275076,1:Recurred/Progressed,25.24903837,1:PROGRESSION,25.24903837,EUR,High Grade,Primary,Muscle Invasive Urothelial Carcinoma (PT2 or Above),12.125597508917394,6.108792062341948,8.905326828787507,4.212141291390525,11.031852803520431,8.886013548374818,9.898221959352004,6.184522310415567,10.597447372124865,8.619860481866885,5.715369008233213,Stage III,3.0,47,36.49275076,0,0,Low ACTN1
TCGA-GV-A3QK,BLCA,BLCA,9EE8E704-C61D-413D-B69D-257EF829FDAE,56,Female,STAGE IV,7TH,832,-20802,0,Not Hispanic Or Latino,8/27/12,No,C67.9,8120/3,C67.9,Yes,No,M0,N2,T4A,Tumor Free,Yes,Yes,White,Yes,83,Yes,0:LIVING,27.3531249,0:ALIVE OR DEAD TUMOR FREE,27.3531249,,,0:CENSORED,27.3531249,EUR,High Grade,Primary,Muscle Invasive Urothelial Carcinoma (PT2 or Above),12.620412294217665,4.846362930959023,8.703073006328523,7.298960678036205,10.204558917968237,8.262992138758369,9.033004449137191,5.295498963359884,10.695263096746373,8.424540039116408,3.4270831680811322,Stage IV,4.0,56,27.3531249,0,0,Low ACTN1
TCGA-GV-A40E,BLCA,BLCA,AA6142AF-BAD7-493C-98A0-FD070DE39073,75,Male,STAGE II,7TH,195,-27569,0,Not Hispanic Or Latino,8/27/12,No,C67.9,8120/3,C67.9,Yes,Yes,MX,NX,,Tumor Free,No,Yes,White,No,115,Yes,1:DECEASED,8.580727882,1:DEAD WITH TUMOR,8.580727882,,,1:PROGRESSION,7.199921097,EUR,High Grade,Primary,Muscle Invasive Urothelial Carcinoma (PT2 or Above),11.527520989994818,3.7901985985710023,7.35964415409441,4.0911158687057965,10.026523442519766,7.880379422049586,10.81916520881405,8.455902539495609,12.210099022120051,7.468200437236082,7.405762667063593,Stage II,2.0,75,8.580727882,1,1,High ACTN1
TCGA-GV-A40G,BLCA,BLCA,10422FE9-8D70-40A9-9875-3FE9FAB68823,77,Male,STAGE II,7TH,580,-28204,0,Not Hispanic Or Latino,8/27/12,No,C67.9,8120/3,C67.9,Yes,No,MX,N0,T2A,Tumor Free,Yes,Yes,White,No,82,Yes,0:LIVING,19.06828418,0:ALIVE OR DEAD TUMOR FREE,19.06828418,0:DiseaseFree,19.06828418,0:CENSORED,19.06828418,EUR,High Grade,Primary,Muscle Invasive Urothelial Carcinoma (PT2 or Above),12.162624205756924,3.6745284457869523,8.825264107820281,5.115661704124103,10.090866659328263,8.423195765783387,11.30592493460186,8.082271478910803,11.785423859191352,8.27425234149154,3.8151860125927164,Stage II,2.0,77,19.06828418,0,0,Low ACTN1
TCGA-GV-A6ZA,BLCA,BLCA,F5C187EF-DC08-4466-932A-43AA33285673,54,Male,STAGE II,7TH,691,-19871,0,Not Hispanic Or Latino,1/7/14,No,C67.9,8130/3,C67.9,Yes,No,MX,N0,T2B,Tumor Free,Yes,No,White,No,88,Yes,0:LIVING,22.71755926,0:ALIVE OR DEAD TUMOR FREE,22.71755926,0:DiseaseFree,22.71755926,0:CENSORED,22.71755926,EUR,High Grade,Primary,Muscle Invasive Urothelial Carcinoma (PT2 or Above),11.946482320010336,4.09306995515961,9.344582198985218,4.845525177004707,10.437835282327137,8.247092027071567,9.8712799856614,7.703211467391146,10.733074655749526,7.716634290725264,2.4280619709531757,Stage II,2.0,54,22.71755926,0,0,Low ACTN1
TCGA-H4-A2HO,BLCA,BLCA,86D1E388-B30F-48FD-9647-3848EB6134F1,53,Male,STAGE III,7TH,46,-19630,0,Not Hispanic Or Latino,6/28/11,No,C67.9,8130/3,C67.9,Yes,,MX,N0,T4A,,Yes,No,White,No,69,Yes,0:LIVING,1.512312194,0:ALIVE OR DEAD TUMOR FREE,1.512312194,0:DiseaseFree,1.512312194,0:CENSORED,1.512312194,EUR,High Grade,Primary,Muscle Invasive Urothelial Carcinoma (PT2 or Above),13.95326887718166,4.595270910480645,9.846065446055269,7.9636475144012575,10.364189384434317,9.112105836825032,12.20484009621971,8.837791902305852,11.490269270207328,9.792056561568035,5.8420862966300655,Stage III,3.0,53,1.512312194,0,0,Low ACTN1
TCGA-H4-A2HQ,BLCA,BLCA,CEDE5274-279D-4021-8ACA-5ECC4BF94D66,64,Female,STAGE IV,7TH,590,-23538,0,Not Hispanic Or Latino,6/28/11,No,C67.9,8120/3,C67.9,Yes,Yes,M1,NX,,With Tumor,No,No,Black or African American,No,63,Yes,0:LIVING,19.3970477,0:ALIVE OR DEAD TUMOR FREE,19.3970477,,,1:PROGRESSION,10.45467995, ,High Grade,Primary,Muscle Invasive Urothelial Carcinoma (PT2 or Above),11.503517691706804,5.715003763766102,8.088083278848817,4.825775453274891,10.9733960260762,7.355712275617557,10.490499935335471,7.753377225449183,11.323499550895535,7.554266511458946,7.789690132216318,Stage IV,4.0,64,19.3970477,0,0,Low ACTN1
TCGA-HQ-A2OE,BLCA,BLCA,353C5FCC-9C6A-4AC6-99DC-FB4573B2AE6C,69,Male,,6TH,1174,,0,,10/2/12,No,C67.9,8120/3,C67.9,Yes,No,MX,N2,T2A,,Yes,No,,No,68,Yes,0:LIVING,38.5968373,0:ALIVE OR DEAD TUMOR FREE,38.5968373,,,0:CENSORED,38.5968373,EUR,,Primary,Muscle Invasive Urothelial Carcinoma (PT2 or Above),11.427433325617981,4.042381686977046,7.123128147662342,4.08227680204714,10.28212700801082,7.687396680665493,8.83850116944529,5.6954398944533215,11.800568300734653,6.658539979864339,2.9873208659292536,,,69,38.5968373,0,0,Low ACTN1
TCGA-HQ-A2OF,,BLCA,691ADAA9-196A-4B62-9437-640C4AE6E2B2,52,Female,STAGE III,6TH,1947,-19016,0,,9/25/13,No,C67.1,8260/3,C67.1,Yes,Yes,M0,N0,T3B,Tumor Free,Yes,No,,No,69,No,0:LIVING,64.01025742,0:ALIVE OR DEAD TUMOR FREE,64.01025742,1:Recurred/Progressed,29.8188513,1:PROGRESSION,29.8188513,EUR,High Grade,Primary,Muscle Invasive Urothelial Carcinoma (PT2 or Above),11.799904873624449,4.27667531650318,6.790263773606855,5.020333288892271,10.65217275350971,8.55772024300156,10.744304079481044,7.762182688835695,11.589023751401228,9.975446765640962,2.0935601761623377,Stage III,3.0,52,64.01025742,0,0,Low ACTN1
TCGA-HQ-A5ND,BLCA,BLCA,001944E5-AF34-4061-9C09-BB9EA346F6FD,78,Male,STAGE IV,6TH,,-28555,0,,5/30/14,No,C67.9,8120/3,C67.9,Yes,Yes,M0,N1,T3B,With Tumor,Yes,No,,No,68,Yes,1:DECEASED,9.008120459,1:DEAD WITH TUMOR,9.008120459,,,1:PROGRESSION,2.761613571,EUR,High Grade,Primary,Muscle Invasive Urothelial Carcinoma (PT2 or Above),11.621845836234382,5.0600300850645406,7.780546328889859,6.291003046805266,10.398006125967708,7.38622464629095,11.34523335505507,11.320213876507582,12.207484157023606,5.0600300850645406,4.345240231114814,Stage IV,4.0,78,9.008120459,1,1,High ACTN1
TCGA-HQ-A5NE,BLCA,BLCA,E053A911-2202-4C1F-BC93-904E26564E79,57,Male,STAGE III,6TH,250,-20647,0,,5/30/14,No,C67.9,8120/3,C67.9,Yes,Yes,M0,N0,T3,With Tumor,Yes,No,,No,62,Yes,1:DECEASED,12.16425026,1:DEAD WITH TUMOR,12.16425026,1:Recurred/Progressed,6.93691028,1:PROGRESSION,6.93691028,EUR,High Grade,Primary,Muscle Invasive Urothelial Carcinoma (PT2 or Above),12.774227000776902,5.5169291527838515,8.004580041689891,7.015002396533469,11.04417551263921,7.199623272741906,12.180791848749106,10.77378209324813,13.383056230005618,8.100509915083991,5.583227217871041,Stage III,3.0,57,12.16425026,1,1,High ACTN1
TCGA-K4-A3WS,BLCA,BLCA,68ADACD1-A16E-4489-9E68-792A6BD8811C,66,Male,STAGE III,7TH,761,-24124,0,Not Hispanic Or Latino,8/6/12,No,C67.9,8120/3,C67.9,Yes,No,MX,N0,T3A,Tumor Free,Yes,Yes,White,No,292,Yes,0:LIVING,25.0189039,0:ALIVE OR DEAD TUMOR FREE,25.0189039,0:DiseaseFree,25.0189039,0:CENSORED,25.0189039,EUR,High Grade,Primary,Muscle Invasive Urothelial Carcinoma (PT2 or Above),15.165692152320114,8.393411909998852,7.7673105017331645,9.462729241488965,11.623945486472902,8.245999468486662,15.295223660231805,14.133551645876922,13.430687754509444,9.325822618595769,8.583236997841945,Stage III,3.0,66,25.0189039,0,1,High ACTN1
TCGA-K4-A3WU,BLCA,BLCA,9AA6522A-120A-4691-993E-3F8534F644B5,87,Male,STAGE III,7TH,105,-32134,0,Not Hispanic Or Latino,8/8/12,No,C67.9,8120/3,C67.9,Yes,,MX,N0,T4A,Tumor Free,Yes,No,White,,71,Yes,0:LIVING,3.452016964,0:ALIVE OR DEAD TUMOR FREE,3.452016964,,,0:CENSORED,3.452016964, ,High Grade,Primary,Muscle Invasive Urothelial Carcinoma (PT2 or Above),15.160289014713463,8.475214615878224,8.079852744136355,9.124462554166627,11.011870173890836,8.699919421793243,15.358719872860956,15.108618379179223,12.88860247273551,9.35630009959254,8.560642359412414,Stage III,3.0,87,3.452016964,0,1,High ACTN1
TCGA-K4-A3WV,BLCA,BLCA,D53EADE8-A845-4252-AECE-92F3573486A7,77,Female,STAGE II,7TH,646,-28444,0,Hispanic Or Latino,8/6/12,No,C67.9,8120/3,C67.9,Yes,No,MX,N0,T2B,Tumor Free,Yes,No,White,No,,Yes,0:LIVING,21.23812342,0:ALIVE OR DEAD TUMOR FREE,21.23812342,,,0:CENSORED,21.23812342,EUR,High Grade,Primary,Muscle Invasive Urothelial Carcinoma (PT2 or Above),9.667111542075027,4.32870005647839,7.733042446132096,4.061741641603002,10.888081100827575,8.051736427577996,10.76122708827603,9.51420709887796,11.092539134813897,5.926668408163602,5.397748209588593,Stage II,2.0,77,21.23812342,0,0,Low ACTN1
TCGA-K4-A4AB,BLCA,BLCA,8B7556ED-2DAB-4180-AF5B-0E113E26B36E,76,Male,STAGE III,7TH,84,-27922,0,Not Hispanic Or Latino,12/28/12,No,C67.4,8120/3,C67.4,Yes,,MX,N0,T4A,,Yes,No,White,No,,Yes,0:LIVING,2.761613571,0:ALIVE OR DEAD TUMOR FREE,2.761613571,,,0:CENSORED,2.761613571,EUR,High Grade,Primary,Muscle Invasive Urothelial Carcinoma (PT2 or Above),12.734586850459486,6.167203356460062,8.174021843025196,6.356131482456192,11.026350530067843,8.130045382859047,14.147117457313666,13.509168806539819,12.58837031499853,7.71918344048179,5.857451080501586,Stage III,3.0,76,2.761613571,0,1,High ACTN1
TCGA-K4-A4AC,BLCA,BLCA,2088AC24-A8B4-49AF-A954-2B78B88A6F66,83,Male,STAGE II,7TH,197,-30655,0,Not Hispanic Or Latino,12/28/12,No,C67.9,8120/3,C67.9,Yes,Yes,MX,N0,T2B,With Tumor,,No,White,Yes,,Yes,1:DECEASED,9.139625867,1:DEAD WITH TUMOR,9.139625867,,,1:PROGRESSION,5.588979847,EUR,High Grade,Primary,Muscle Invasive Urothelial Carcinoma (PT2 or Above),10.734684220441668,5.505459072570378,8.069052283423654,4.519730594938277,11.220898233055365,6.370209625658174,12.137301783376742,12.301981965324842,13.991318111246704,7.069089887951923,6.311644791394839,Stage II,2.0,83,9.139625867,1,1,High ACTN1
TCGA-K4-A54R,BLCA,BLCA,52FDDD92-FA5E-4FAC-8E44-E64C98C84F86,59,Male,STAGE II,7TH,842,-21601,0,Not Hispanic Or Latino,4/17/13,No,C67.1,8120/3,C67.1,Yes,No,MX,N0,T2B,Tumor Free,Yes,No,White,No,,Yes,0:LIVING,27.68188842,0:ALIVE OR DEAD TUMOR FREE,27.68188842,0:DiseaseFree,27.68188842,0:CENSORED,27.68188842,EUR,High Grade,Primary,Muscle Invasive Urothelial Carcinoma (PT2 or Above),11.488909602585972,4.9839877222651365,8.641723031592859,5.296769406910616,10.921402112572473,7.400606237390891,12.841340260526266,10.993653135502145,13.17916267538715,8.347568221494074,5.933452251289499,Stage II,2.0,59,27.68188842,0,1,High ACTN1
TCGA-K4-A5RH,BLCA,BLCA,EECA58FE-B5CB-4D13-A93F-A5A2CA00B6E2,69,Male,STAGE III,7TH,276,-25305,0,Not Hispanic Or Latino,6/20/13,No,C67.0,8120/3,C67.0,Yes,Yes,MX,N0,T3A,With Tumor,Yes,No,White,No,,Yes,0:LIVING,9.073873163,0:ALIVE OR DEAD TUMOR FREE,9.073873163,,,1:PROGRESSION,6.443765,EUR,High Grade,Primary,Muscle Invasive Urothelial Carcinoma (PT2 or Above),13.75747335156018,6.088663173230189,8.921308380210386,8.815757931561688,11.58907994716226,7.189508317089866,12.106173589249183,10.206684732904254,13.118845387212978,9.157298928949812,5.511872807474043,Stage III,3.0,69,9.073873163,0,1,High ACTN1
TCGA-K4-A5RI,BLCA,BLCA,32EFE5E2-E037-4547-8EAD-619F61647639,67,Female,STAGE III,7TH,239,-24614,0,Not Hispanic Or Latino,6/20/13,No,C67.4,8120/3,C67.4,Yes,Yes,MX,N0,T3A,With Tumor,Yes,No,White,No,,Yes,1:DECEASED,11.70398133,1:DEAD WITH TUMOR,11.70398133,,,1:PROGRESSION,7.758819081,EUR,High Grade,Primary,Muscle Invasive Urothelial Carcinoma (PT2 or Above),12.85495601731139,7.0355799244553054,7.706578899417058,8.446673922282574,10.561956146803547,8.780785800222617,13.53784932028463,12.442018195357726,12.353235061028576,7.3804697233978205,6.313690275638028,Stage III,3.0,67,11.70398133,1,1,High ACTN1
TCGA-K4-A5RJ,BLCA,BLCA,5A25658C-2436-4A47-8902-8A2CF4A1C20D,75,Male,STAGE II,7TH,539,-27518,0,Not Hispanic Or Latino,6/24/13,No,C67.4,8130/3,C67.4,Yes,,MX,N0,T2B,Tumor Free,Yes,No,White,,,Yes,0:LIVING,17.72035375,0:ALIVE OR DEAD TUMOR FREE,17.72035375,0:DiseaseFree,17.72035375,0:CENSORED,17.72035375,EUR,High Grade,Primary,Muscle Invasive Urothelial Carcinoma (PT2 or Above),12.855616022786844,6.960152567059415,8.23451569072652,6.166343879050655,10.983563697223321,7.768164471038838,9.329690962706675,5.423789921022833,13.562671733862953,9.501994380349363,5.032206660438386,Stage II,2.0,75,17.72035375,0,1,High ACTN1
TCGA-K4-A6FZ,BLCA,BLCA,610811D5-E45E-4A4F-BDC1-8D700EFD6E43,75,Female,STAGE III,7TH,55,-27686,0,Not Hispanic Or Latino,9/12/13,No,C67.4,8120/3,C67.4,Yes,,MX,N0,T3A,Tumor Free,Yes,No,White,,83,Yes,0:LIVING,1.808199362,0:ALIVE OR DEAD TUMOR FREE,1.808199362,0:DiseaseFree,1.808199362,0:CENSORED,1.808199362,EUR,High Grade,Primary,Muscle Invasive Urothelial Carcinoma (PT2 or Above),11.935566561039085,5.8529975876133165,7.626168971136932,6.460962030673807,10.677305622124246,7.226055689869997,10.23351183007628,7.368104808192498,13.15116245053686,8.271915841686402,4.213844945120525,Stage III,3.0,75,1.808199362,0,1,High ACTN1
TCGA-K4-A6MB,BLCA,BLCA,661D7B4A-A2B2-4251-B464-292421665948,64,Male,STAGE IV,7TH,469,-23664,0,Not Hispanic Or Latino,9/23/13,No,C67.0,8120/3,C67.0,Yes,No,MX,N1,T3B,,Yes,No,White,No,88,Yes,0:LIVING,15.41900911,0:ALIVE OR DEAD TUMOR FREE,15.41900911,,,0:CENSORED,15.41900911,EUR,High Grade,Primary,Muscle Invasive Urothelial Carcinoma (PT2 or Above),13.760948598588127,6.496221049332119,7.963011647599427,8.429498803234738,11.137157665836472,7.386353997697427,13.299021944527778,12.577568086706147,11.599554912744468,7.9725777851765525,7.186936279555191,Stage IV,4.0,64,15.41900911,0,0,Low ACTN1
TCGA-K4-A83P,BLCA,BLCA,AA14FFB4-A715-4636-8251-73D019DDDD8C,77,Male,STAGE IV,7TH,495,-28463,0,Not Hispanic Or Latino,3/6/14,No,C67.9,8120/3,C67.9,Yes,Yes,MX,N1,T4A,With Tumor,Yes,No,White,No,100,Yes,0:LIVING,16.27379426,0:ALIVE OR DEAD TUMOR FREE,16.27379426,,,1:PROGRESSION,2.301344643,EUR,,Primary,Muscle Invasive Urothelial Carcinoma (PT2 or Above),15.427794055109842,7.495831048376974,8.236502185292823,11.129817487968252,11.652594047696383,8.503885352261618,14.595123417423096,14.03620796202649,12.866222204397772,9.524047999676736,9.263999167268409,Stage IV,4.0,77,16.27379426,0,1,High ACTN1
TCGA-K4-AAQO,BLCA,BLCA,383BF27A-9216-492E-B4BD-2B4EEF8278DE,56,Male,STAGE III,7TH,359,-20683,0,Not Hispanic Or Latino,9/16/14,Yes,C67.3,8120/3,C67.3,Yes,,MX,N0,T3A,,,No,White,,100,Yes,0:LIVING,11.80261038,0:ALIVE OR DEAD TUMOR FREE,11.80261038,,,0:CENSORED,11.80261038,EUR,High Grade,Primary,Muscle Invasive Urothelial Carcinoma (PT2 or Above),15.036946277951346,8.548629279439053,8.915816651600785,10.45826305434882,11.7722527074562,8.61975412831929,15.941843125747459,15.855228622544548,13.521109643651332,8.70880110625479,10.04694663245549,Stage III,3.0,56,11.80261038,0,1,High ACTN1
TCGA-KQ-A41N,BLCA,BLCA,67CADFFC-460B-4A2A-B182-3794421992B4,73,Male,STAGE III,7TH,1604,-26837,0,Not Hispanic Or Latino,7/13/15,No,C67.6,8120/3,C67.6,Yes,No,M0,N0,T3B,Tumor Free,Yes,No,Black or African American,No,84,Yes,0:LIVING,52.73366867,0:ALIVE OR DEAD TUMOR FREE,52.73366867,0:DiseaseFree,52.73366867,0:CENSORED,52.73366867, ,High Grade,Primary,Muscle Invasive Urothelial Carcinoma (PT2 or Above),11.791134392604052,4.906640506793107,9.510277584184893,5.053828160401336,10.430316639209181,9.1644267862423,11.627707143384614,11.055234977646915,10.817879031830138,7.843839416615859,5.485890476065232,Stage III,3.0,73,52.73366867,0,0,Low ACTN1
TCGA-KQ-A41O,BLCA,BLCA,9DD41965-7A62-464D-8A23-5C3F9565DD91,84,Male,STAGE IV,7TH,1538,-30774,0,,7/13/15,No,C67.9,8120/3,C67.9,Yes,No,M0,N1,T3,Tumor Free,Yes,Yes,,No,50,Yes,0:LIVING,50.56382944,0:ALIVE OR DEAD TUMOR FREE,50.56382944,,,0:CENSORED,50.56382944, ,High Grade,Primary,Muscle Invasive Urothelial Carcinoma (PT2 or Above),9.023202669900506,3.468687573043937,11.144524417738932,3.6240657921319537,9.150031566540015,9.154820640093815,9.499738278743884,7.406723729530023,8.59323797421885,6.012836807513843,7.798037550160009,Stage IV,4.0,84,50.56382944,0,0,Low ACTN1
TCGA-KQ-A41P,BLCA,BLCA,D7AF7E2C-F742-46ED-814B-1967D7E8C2D2,76,Male,STAGE IV,7TH,1094,-27816,0,Not Hispanic Or Latino,7/13/15,No,C67.0,8120/3,C67.0,Yes,Yes,M1,N3,T3B,With Tumor,Yes,No,White,No,64,Yes,0:LIVING,35.96672913,0:ALIVE OR DEAD TUMOR FREE,35.96672913,,,1:PROGRESSION,5.851990663,EUR,High Grade,Primary,Muscle Invasive Urothelial Carcinoma (PT2 or Above),13.238568944026456,6.577317033722169,8.90461655964534,6.7670191097314065,10.313404590307927,8.819083758321623,13.150093147017252,11.138098973644675,11.497697182928132,8.92245060717057,7.061560209107974,Stage IV,4.0,76,35.96672913,0,0,Low ACTN1
TCGA-KQ-A41Q,BLCA,BLCA,A21BDD7E-F3CF-4826-9967-7EAFFC0D035A,89,Male,STAGE III,7TH,1429,-32511,0,Not Hispanic Or Latino,7/13/15,No,C67.3,8120/3,C67.3,Yes,Yes,MX,N0,T3B,,Yes,Yes,White,No,68,Yes,0:LIVING,46.98030707,0:ALIVE OR DEAD TUMOR FREE,46.98030707,,,1:PROGRESSION,43.19952658, ,High Grade,Primary,Muscle Invasive Urothelial Carcinoma (PT2 or Above),10.131548329729258,4.4464878366483775,8.181862866982344,3.3731748907531163,9.80914429950991,8.216503368062641,11.160980675580369,10.07427528725433,11.249095670824675,6.395989899402869,4.577966528276439,Stage III,3.0,89,46.98030707,0,0,Low ACTN1
TCGA-KQ-A41R,BLCA,BLCA,E492D5A9-7EC5-454B-AE89-077C90F67489,80,Female,STAGE II,7TH,1350,-29351,0,Not Hispanic Or Latino,7/13/15,No,C67.9,8120/3,C67.9,Yes,No,MX,N0,T2,Tumor Free,Yes,No,White,No,,Yes,0:LIVING,44.38307525,0:ALIVE OR DEAD TUMOR FREE,44.38307525,0:DiseaseFree,44.38307525,0:CENSORED,44.38307525, ,High Grade,Primary,Muscle Invasive Urothelial Carcinoma (PT2 or Above),12.788659204632872,4.6844372591954615,9.384254916778383,5.972299764759763,10.744766577421634,8.09659393666218,11.503602162556986,8.09659393666218,10.902088657566406,8.94173136685476,5.146569693963658,Stage II,2.0,80,44.38307525,0,0,Low ACTN1
TCGA-KQ-A41S,BLCA,BLCA,CC8602BB-78E2-4732-9784-83C3388B999E,87,Female,STAGE III,7TH,35,-32041,0,,7/13/15,No,C67.4,8120/3,C67.4,Yes,No,MX,NX,T4A,Tumor Free,No,No,White,No,,Yes,0:LIVING,1.150672321,0:ALIVE OR DEAD TUMOR FREE,1.150672321,0:DiseaseFree,1.150672321,0:CENSORED,1.150672321,EUR,High Grade,Primary,Muscle Invasive Urothelial Carcinoma (PT2 or Above),15.120606443378797,7.670323417271711,8.385141951510406,9.090493558462642,10.986823318699509,8.237931725336603,11.520196318623109,9.659385872621915,11.767601007324469,9.030865734513807,9.32389693126226,Stage III,3.0,87,1.150672321,0,0,Low ACTN1
TCGA-LC-A66R,BLCA,BLCA,39FDC742-8BDB-4E77-B20B-0F967A75E659,78,Male,STAGE IV,7TH,466,-28793,0,Not Hispanic Or Latino,6/27/13,No,C67.9,8120/3,C67.9,Yes,No,MX,N2,T4A,Tumor Free,Yes,No,White,No,68,Yes,0:LIVING,15.32038005,0:ALIVE OR DEAD TUMOR FREE,15.32038005,,,0:CENSORED,15.32038005, ,High Grade,Primary,Muscle Invasive Urothelial Carcinoma (PT2 or Above),12.809669668446753,5.041343750049921,6.941528913607527,6.172279481040435,10.837422945543178,7.032299244184504,11.237795525888645,11.87096571731794,13.625663187435705,8.475174075590955,4.64084069325427,Stage IV,4.0,78,15.32038005,0,1,High ACTN1
TCGA-LT-A5Z6,BLCA,BLCA,EC7FC492-53CC-4B71-A66A-1CEF1ADEBA33,56,Male,STAGE II,7TH,474,-20746,0,Not Hispanic Or Latino,6/3/13,No,C67.9,8120/3,C67.9,Yes,No,MX,NX,,Tumor Free,No,No,White,No,86,Yes,0:LIVING,15.58339087,0:ALIVE OR DEAD TUMOR FREE,15.58339087,0:DiseaseFree,15.58339087,0:CENSORED,15.58339087,EUR,High Grade,Primary,Muscle Invasive Urothelial Carcinoma (PT2 or Above),11.38233762048061,4.222054894266374,8.406005119304325,4.960229037266706,10.126549613543878,8.81823064749319,9.325103036285725,6.330567363068572,12.06583010115417,7.658489995998137,2.3661963008204907,Stage II,2.0,56,15.58339087,0,0,Low ACTN1
TCGA-LT-A8JT,BLCA,BLCA,6AA72CA1-B378-4DB4-B4EF-B12386683D1F,69,Female,STAGE II,7TH,641,-25498,0,Not Hispanic Or Latino,1/30/14,No,C67.9,8130/3,C67.9,Yes,No,M0,N0,T2A,Tumor Free,Yes,No,White,No,69,Yes,0:LIVING,21.07374166,0:ALIVE OR DEAD TUMOR FREE,21.07374166,0:DiseaseFree,21.07374166,0:CENSORED,21.07374166,EUR,High Grade,Primary,Muscle Invasive Urothelial Carcinoma (PT2 or Above),12.22383580298407,3.9342522820940546,9.441448205231104,5.533273658858276,9.91098893573647,8.595272402587552,10.456200382504171,8.23767365232463,10.686596820361878,6.894466139316845,4.447480016120491,Stage II,2.0,69,21.07374166,0,0,Low ACTN1
TCGA-MV-A51V,BLCA,BLCA,D2F329B3-5B44-414B-BCCD-7B2D1345D21E,75,Male,STAGE III,7TH,410,-27430,0,Not Hispanic Or Latino,9/14/12,No,C67.9,8130/3,C67.9,Yes,No,M0,N0,T3A,Tumor Free,Yes,No,White,No,120,Yes,0:LIVING,13.47930434,0:ALIVE OR DEAD TUMOR FREE,13.47930434,0:DiseaseFree,13.47930434,0:CENSORED,13.47930434,EUR,High Grade,Primary,Muscle Invasive Urothelial Carcinoma (PT2 or Above),13.024632383832039,4.326623631148314,10.1025006691504,7.037612841479471,10.425131962236877,8.350223179716203,12.170579200454716,9.2739843724827,11.128245707056413,8.892299943805927,5.312715992235034,Stage III,3.0,75,13.47930434,0,0,Low ACTN1
TCGA-PQ-A6FI,BLCA,BLCA,04B9090A-E8EF-4F52-BC52-AF90CAA84168,70,Male,STAGE II,7TH,372,-25672,0,Not Hispanic Or Latino,5/10/13,No,C67.9,8120/3,C67.9,Yes,No,MX,N0,T2A,Tumor Free,Yes,No,White,No,87,Yes,0:LIVING,12.23000296,0:ALIVE OR DEAD TUMOR FREE,12.23000296,0:DiseaseFree,12.23000296,0:CENSORED,12.23000296,EUR,High Grade,Primary,Muscle Invasive Urothelial Carcinoma (PT2 or Above),10.219386360648603,8.262527119181774,6.619540664092355,4.985486768355341,10.969681506128788,4.273314465268832,11.199371752056678,10.769143596526625,12.801892220097436,7.432424976804764,3.73794629339405,Stage II,2.0,70,12.23000296,0,1,High ACTN1
TCGA-PQ-A6FN,BLCA,BLCA,A3C849F2-C006-4368-950D-998A26CD368B,78,Female,STAGE III,7TH,507,-28546,0,Not Hispanic Or Latino,5/10/13,No,C67.2,8120/3,C67.2,Yes,No,MX,N0,T3A,,Yes,No,White,No,70,Yes,0:LIVING,16.66831048,0:ALIVE OR DEAD TUMOR FREE,16.66831048,,,0:CENSORED,16.66831048,EUR,High Grade,Primary,Muscle Invasive Urothelial Carcinoma (PT2 or Above),12.734652470082592,4.679328080701958,7.956184462838489,4.938219913894092,9.849649048263775,6.595311196825482,13.27321863891343,12.241077458175036,13.244341534427116,8.886611111851002,5.634735556229594,Stage III,3.0,78,16.66831048,0,1,High ACTN1
TCGA-R3-A69X,BLCA,BLCA,692A6CED-0246-4E5E-AD2F-20450073F335,70,Male,STAGE III,7TH,433,-25576,0,Not Hispanic Or Latino,7/17/13,No,C67.2,8120/3,C67.2,Yes,No,M0,N0,T3A,Tumor Free,Yes,No,White,No,54,Yes,0:LIVING,14.23546043,0:ALIVE OR DEAD TUMOR FREE,14.23546043,0:DiseaseFree,14.23546043,0:CENSORED,14.23546043,EUR,High Grade,Primary,Muscle Invasive Urothelial Carcinoma (PT2 or Above),14.263665329528532,7.533392033580457,8.093813673402728,9.717613025335542,10.871936031248175,8.532465024367246,13.629265537972133,13.586980486078827,13.360751084167402,9.08207717099158,7.4225105447421615,Stage III,3.0,70,14.23546043,0,1,High ACTN1
TCGA-S5-A6DX,BLCA,BLCA,76400A3D-45C4-47F8-BD81-0A345A949A1F,83,Male,STAGE IV,7TH,,-30594,0,Not Hispanic Or Latino,8/20/13,No,C67.9,8120/3,C67.9,Yes,No,MX,N2,T4A,With Tumor,Yes,No,White,No,92,Yes,1:DECEASED,1.841075714,1:DEAD WITH TUMOR,1.841075714,,,1:PROGRESSION,1.841075714,EUR,High Grade,Primary,Muscle Invasive Urothelial Carcinoma (PT2 or Above),14.30149619498255,5.7104455426450205,9.471571580462774,7.965940087313311,9.000800023044608,9.623056595850212,14.142848960749724,12.352752457016663,11.136228562854912,10.06269378804339,6.953695934213748,Stage IV,4.0,83,1.841075714,1,0,Low ACTN1
TCGA-S5-AA26,BLCA,BLCA,A540FCEC-58A1-4E58-8E0A-8BF73B78E30D,46,Male,STAGE III,7TH,503,-16972,0,Not Hispanic Or Latino,3/17/14,No,C67.9,8130/3,C67.9,Yes,No,MX,N0,T3A,Tumor Free,Yes,No,Black or African American,No,76,Yes,0:LIVING,16.53680508,0:ALIVE OR DEAD TUMOR FREE,16.53680508,0:DiseaseFree,16.53680508,0:CENSORED,16.53680508, ,High Grade,Primary,Muscle Invasive Urothelial Carcinoma (PT2 or Above),10.859146495425959,4.897090338753814,9.316453513374354,5.991707768858693,9.477764336676731,9.264660747373295,11.597205249823636,9.756399535584245,11.439695852208521,7.20812703637375,4.073674585704258,Stage III,3.0,46,16.53680508,0,0,Low ACTN1
TCGA-SY-A9G0,BLCA,BLCA,423B7FC5-3970-4C96-990D-96AD0842F1EB,82,Male,STAGE IV,7TH,378,-30205,0,Not Hispanic Or Latino,3/7/14,No,C67.4,8120/3,C67.4,Yes,No,M0,N1,T4,Tumor Free,Yes,Yes,White,No,82,Yes,1:DECEASED,33.13936286,0:ALIVE OR DEAD TUMOR FREE,33.13936286,,,0:CENSORED,33.13936286,EUR,High Grade,Primary,Muscle Invasive Urothelial Carcinoma (PT2 or Above),16.70667137989264,10.015902837803763,8.816433310889737,10.591157652997055,12.03088090409086,7.846706419930117,15.799989841690163,14.841515208779263,14.018208873911426,9.555837240214544,9.843618037812739,Stage IV,4.0,82,33.13936286,1,1,High ACTN1
TCGA-SY-A9G5,BLCA,BLCA,7D198EE2-D80A-4759-804F-A7EF85971843,66,Male,STAGE III,7TH,1186,-24260,0,Not Hispanic Or Latino,3/7/14,No,C67.9,8120/3,C67.9,Yes,No,M0,N0,T4A,Tumor Free,Yes,No,White,No,103,Yes,0:LIVING,38.99135352,0:ALIVE OR DEAD TUMOR FREE,38.99135352,0:DiseaseFree,38.99135352,0:CENSORED,38.99135352,EUR,High Grade,Primary,Muscle Invasive Urothelial Carcinoma (PT2 or Above),12.873486408391772,5.465781874710093,8.129576678545892,6.8905318120947,10.872544069990075,8.172837505817979,13.545712624728576,12.566075450042819,12.761997850279807,8.676203927836095,7.4570442793727425,Stage III,3.0,66,38.99135352,0,1,High ACTN1
TCGA-UY-A78K,BLCA,BLCA,5F587F1B-F835-4869-9E6D-8CB3B9E0610B,60,Male,STAGE IV,6TH,,-22020,0,Not Hispanic Or Latino,7/15/14,No,C67.9,8130/3,C67.9,Yes,,MX,N2,,,Yes,No,White,,65,Yes,1:DECEASED,17.62172469,,17.62172469,,,0:CENSORED,17.62172469,EUR,High Grade,Primary,Muscle Invasive Urothelial Carcinoma (PT2 or Above),12.259690308985784,5.5178772157235585,8.141167084295715,7.9013255000047415,10.995272508535326,7.8011586560936985,12.365570614832677,9.225089316724642,11.457939994611754,8.785870911639892,4.658777022619729,Stage IV,4.0,60,17.62172469,1,0,Low ACTN1
TCGA-UY-A78L,BLCA,BLCA,D46F7976-6061-4CA9-8294-6C215703662B,62,Male,STAGE IV,6TH,1127,-22717,0,Not Hispanic Or Latino,7/15/14,No,C67.9,8130/3,C67.9,Yes,Yes,MX,N1,,With Tumor,Yes,No,White,No,92,Yes,0:LIVING,37.05164875,0:ALIVE OR DEAD TUMOR FREE,37.05164875,,,1:PROGRESSION,11.67110497,EUR,High Grade,Primary,Muscle Invasive Urothelial Carcinoma (PT2 or Above),11.779928604606866,4.918958618917609,6.644417289018902,6.10218569315594,10.653095854672186,7.63111883732717,12.266774830460356,10.812770951063095,13.269351717347154,7.946713317535589,4.532809411612246,Stage IV,4.0,62,37.05164875,0,1,High ACTN1
TCGA-UY-A78M,BLCA,BLCA,069B6E47-012C-483E-BEE4-36A2A21A3486,81,Female,STAGE IV,6TH,,-29706,0,Not Hispanic Or Latino,7/15/14,No,C67.9,8120/3,C67.9,Yes,,MX,N2,T2,With Tumor,Yes,No,Asian,,55,Yes,1:DECEASED,22.68468291,1:DEAD WITH TUMOR,22.68468291,,,1:PROGRESSION,22.68468291, ,High Grade,Primary,Muscle Invasive Urothelial Carcinoma (PT2 or Above),11.260607915507462,5.455412710810994,8.649856127652967,5.6181857871374845,10.334954800511815,8.843333806710712,13.201505218393548,11.74750069322547,12.01495498931622,8.077755714109648,6.070861561471957,Stage IV,4.0,81,22.68468291,1,0,Low ACTN1
TCGA-UY-A78N,BLCA,BLCA,573E124F-98CB-4014-B9D2-0499F7FBDB7A,80,Male,STAGE IV,6TH,,-29132,0,Not Hispanic Or Latino,7/15/14,No,C67.9,8120/3,C67.9,Yes,Yes,MX,N1,T2,With Tumor,Yes,Yes,White,No,75,Yes,1:DECEASED,86.82644574,1:DEAD WITH TUMOR,86.82644574,,,1:PROGRESSION,81.27034224,EUR,High Grade,Primary,Muscle Invasive Urothelial Carcinoma (PT2 or Above),12.38166731608625,6.007879453041467,10.173564714127885,6.716428517730536,10.679092983049703,9.269161752346445,13.406045524050057,13.285900660181289,11.896529190441402,6.824271427707109,6.872914924754262,Stage IV,4.0,80,86.82644574,1,0,Low ACTN1
TCGA-UY-A78O,BLCA,BLCA,4319AA02-6D8B-4CB8-B4E4-C4EED1CB2AC7,75,Female,STAGE II,6TH,2312,-27234,0,Not Hispanic Or Latino,7/15/14,No,C67.9,8120/3,C67.9,Yes,No,MX,N0,T2,,Yes,No,White,No,120,Yes,0:LIVING,76.01012592,0:ALIVE OR DEAD TUMOR FREE,76.01012592,0:DiseaseFree,76.01012592,0:CENSORED,76.01012592,EUR,High Grade,Primary,Muscle Invasive Urothelial Carcinoma (PT2 or Above),12.182862966943185,4.511056830302767,9.253360596648758,6.102225593919027,9.535763321663408,9.264170456471192,11.826337946496219,9.268202777964474,10.585770033617258,7.819540460505722,4.397823493429499,Stage II,2.0,75,76.01012592,0,0,Low ACTN1
TCGA-UY-A78P,BLCA,BLCA,B8F3D552-2D4B-4DD8-B0E8-6A38E1BAA2F3,78,Female,STAGE II,6TH,2380,-28719,0,Not Hispanic Or Latino,7/15/14,No,C67.9,8120/3,C67.9,Yes,No,MX,N0,T2,,Yes,No,White,No,,Yes,0:LIVING,78.24571786,0:ALIVE OR DEAD TUMOR FREE,78.24571786,0:DiseaseFree,78.24571786,0:CENSORED,78.24571786, ,High Grade,Primary,Muscle Invasive Urothelial Carcinoma (PT2 or Above),13.073637836816257,5.435665260973955,7.067240733517602,6.862438992724343,10.101634319640722,7.86271793548266,12.860838679043493,11.054997664955629,11.64961545906341,9.283576887720834,5.955886995629898,Stage II,2.0,78,78.24571786,0,0,Low ACTN1
TCGA-UY-A8OB,BLCA,BLCA,FE33E5E0-A54D-481A-897C-E32B4708DA69,63,Male,STAGE IV,6TH,2109,-23360,0,Hispanic Or Latino,7/1/14,No,C67.9,8120/3,C67.9,Yes,,MX,N1,T3A,Tumor Free,,No,White,No,55,Yes,0:LIVING,69.33622645,0:ALIVE OR DEAD TUMOR FREE,69.33622645,,,0:CENSORED,69.33622645, ,High Grade,Primary,Muscle Invasive Urothelial Carcinoma (PT2 or Above),9.180075736541122,1.516116031241382,7.836441755319233,3.871971750987991,10.570576775574603,7.705425039042727,9.299917741347018,6.248441856426148,13.856318528666275,5.081642145791014,3.3646984875203976,Stage IV,4.0,63,69.33622645,0,1,High ACTN1
TCGA-UY-A8OC,BLCA,BLCA,5A0E4DC3-4EC6-4D27-BB7E-1D2221D06D33,90,Male,STAGE IV,6TH,,-32918,0,Not Hispanic Or Latino,7/15/14,No,C67.9,8120/3,C67.9,Yes,Yes,MX,N1,T4,,Yes,No,White,No,,Yes,1:DECEASED,3.024624388,1:DEAD WITH TUMOR,3.024624388,,,1:PROGRESSION,1.052043265,EUR,High Grade,Primary,Muscle Invasive Urothelial Carcinoma (PT2 or Above),13.40960308157458,7.563577634904892,7.447521342127605,6.113129541638815,10.989678327317788,6.870056418472949,14.345100263571828,11.69891298314366,14.157496945108404,9.41136692316469,5.811085643846393,Stage IV,4.0,90,3.024624388,1,1,High ACTN1
TCGA-UY-A8OD,BLCA,BLCA,FA2410B1-4F69-446D-99EE-A10A00034C42,68,Female,STAGE II,6TH,3432,-24588,0,Not Hispanic Or Latino,8/18/14,No,C67.9,8120/3,C67.9,Yes,No,MX,N0,T2B,Tumor Free,,No,Black or African American,No,,Yes,0:LIVING,112.8316402,0:ALIVE OR DEAD TUMOR FREE,112.8316402,0:DiseaseFree,112.8316402,0:CENSORED,112.8316402, ,High Grade,Primary,Muscle Invasive Urothelial Carcinoma (PT2 or Above),14.904695767462643,7.981259017390072,9.952032099682475,9.606464436936049,11.465704137860097,7.77731450146671,15.733447027233513,14.50812901736376,13.393363641301812,8.980168145574938,9.146441392222163,Stage II,2.0,68,112.8316402,0,1,High ACTN1
TCGA-UY-A9PA,BLCA,BLCA,45F5AF14-060A-49A3-B51D-25AB8A88FEB7,48,Male,STAGE III,6TH,119,-17520,0,Not Hispanic Or Latino,7/1/14,No,C67.2,8120/3,C67.2,Yes,No,MX,N0,T3A,Tumor Free,,No,White,No,75,Yes,0:LIVING,35.24344939,0:ALIVE OR DEAD TUMOR FREE,35.24344939,0:DiseaseFree,35.24344939,0:CENSORED,35.24344939,EUR,High Grade,Primary,Muscle Invasive Urothelial Carcinoma (PT2 or Above),10.457504005685205,2.028144767713379,8.302908475825161,4.4141490666455585,10.702726795522972,7.508072054879079,8.43254607605527,4.53403046657407,12.295088744815311,7.174656087997266,3.0685332408127115,Stage III,3.0,48,35.24344939,0,1,High ACTN1
TCGA-UY-A9PB,BLCA,BLCA,F90CFF19-1C16-4514-8BC1-169539D01FCA,49,Male,STAGE III,6TH,899,-17885,0,Not Hispanic Or Latino,7/1/14,No,C67.2,8120/3,C67.2,Yes,No,MX,N0,T3A,Tumor Free,,No,White,No,133,Yes,0:LIVING,29.55584048,0:ALIVE OR DEAD TUMOR FREE,29.55584048,0:DiseaseFree,29.55584048,0:CENSORED,29.55584048,EUR,High Grade,Primary,Muscle Invasive Urothelial Carcinoma (PT2 or Above),12.449950779562505,5.286208423095164,7.9630058657064655,6.3672644672367245,10.893369795572337,7.4703172229447015,13.085606896426667,11.184559253957906,13.716701589272946,8.799893544170914,5.30643724266451,Stage III,3.0,49,29.55584048,0,1,High ACTN1
TCGA-UY-A9PD,BLCA,BLCA,9EF9E328-AC74-4C8A-9990-347B87CF7764,80,Male,STAGE III,7TH,542,-29565,0,Not Hispanic Or Latino,7/1/14,No,C67.3,8120/3,C67.3,Yes,No,MX,N0,T3A,Tumor Free,,No,White,No,68,Yes,0:LIVING,17.81898281,0:ALIVE OR DEAD TUMOR FREE,17.81898281,0:DiseaseFree,17.81898281,0:CENSORED,17.81898281,EUR,High Grade,Primary,Muscle Invasive Urothelial Carcinoma (PT2 or Above),12.935964278703599,6.084629833280783,9.87199453725653,7.097895178395379,10.558545078170331,8.665179557525635,13.287634471913716,11.377557603233406,11.848497755385146,8.395902527246546,4.809784846193973,Stage III,3.0,80,17.81898281,0,0,Low ACTN1
TCGA-UY-A9PE,BLCA,BLCA,FED69898-A229-4B81-BBD9-CDCB164DAE7B,86,Male,STAGE IV,7TH,189,-31755,0,Not Hispanic Or Latino,7/1/14,No,C67.9,8120/3,C67.9,Yes,Yes,MX,N2,T2B,With Tumor,,No,White,No,84,Yes,0:LIVING,6.213630536,0:ALIVE OR DEAD TUMOR FREE,6.213630536,,,1:PROGRESSION,15.55051452, ,High Grade,Primary,Muscle Invasive Urothelial Carcinoma (PT2 or Above),13.81195663172153,6.785341298705182,10.3681681196713,6.195099515346199,11.042616980219485,8.547203024756932,13.036882763296646,11.766648990157496,12.109879613686983,7.853945760593256,6.409574231627901,Stage IV,4.0,86,6.213630536,0,0,Low ACTN1
TCGA-UY-A9PF,BLCA,BLCA,3BD918A8-3B92-4042-B4A1-F9DFCD6FE405,77,Male,STAGE IV,7TH,117,-28470,0,Not Hispanic Or Latino,7/1/14,No,C67.2,8130/3,C67.2,Yes,,MX,N2,T3A,Tumor Free,,No,White,No,109,Yes,0:LIVING,3.846533189,0:ALIVE OR DEAD TUMOR FREE,3.846533189,,,0:CENSORED,3.846533189,EUR,High Grade,Primary,Muscle Invasive Urothelial Carcinoma (PT2 or Above),13.660864992566621,5.53774645066065,9.110660781057984,8.237969954449495,9.915199688478317,8.057742680732863,12.006168264164875,11.999841492081705,10.920553836080344,8.233619676759702,5.722963231391945,Stage IV,4.0,77,3.846533189,0,0,Low ACTN1
TCGA-UY-A9PH,BLCA,BLCA,CD10DC46-356A-420B-B3F5-9E4ED4E7ECAB,73,Male,STAGE II,7TH,1561,-26654,0,Not Hispanic Or Latino,7/1/14,Yes,C67.9,8120/3,C67.9,Yes,No,MX,N0,T2B,Tumor Free,,Yes,White,No,59,Yes,0:LIVING,51.31998553,0:ALIVE OR DEAD TUMOR FREE,51.31998553,0:DiseaseFree,51.31998553,0:CENSORED,51.31998553,EUR,High Grade,Primary,Muscle Invasive Urothelial Carcinoma (PT2 or Above),13.310243540799302,5.065783392833587,8.820600218928066,9.084327409289859,10.132910951562318,7.861161365753398,11.475282518307347,8.637443606831454,11.018798279377204,9.110005594925575,4.7973606358277445,Stage II,2.0,73,51.31998553,0,0,Low ACTN1
TCGA-XF-A8HB,BLCA,BLCA,90BF49B7-6710-4665-82DF-30ECC22C59A3,50,Female,STAGE II,6TH,1370,-18544,0,Hispanic Or Latino,3/4/14,No,C67.9,8130/3,C67.9,Yes,No,MX,N0,T2B,Tumor Free,Yes,No,,No,73,Yes,0:LIVING,45.0406023,0:ALIVE OR DEAD TUMOR FREE,45.0406023,0:DiseaseFree,45.0406023,0:CENSORED,45.0406023, ,High Grade,Primary,Muscle Invasive Urothelial Carcinoma (PT2 or Above),11.297042351169164,4.685233761184201,8.442350542429416,3.9471331120128443,9.8947798769113,8.056003602744843,9.954519135454245,6.9006857051865,12.879778505632341,7.17205741115079,1.6138145065686496,Stage II,2.0,50,45.0406023,0,1,High ACTN1
TCGA-XF-A8HC,BLCA,BLCA,17EE3278-DC2A-4021-A903-E4ED11E3218B,79,Male,STAGE IV,6TH,,-28996,0,Not Hispanic Or Latino,3/13/14,No,C67.9,8130/3,C67.9,Yes,No,MX,N2,T3A,,Yes,No,Asian,No,62,Yes,1:DECEASED,6.575270408,,6.575270408,,,0:CENSORED,6.575270408, ,High Grade,Primary,Muscle Invasive Urothelial Carcinoma (PT2 or Above),10.884979422846225,3.81054592947801,10.086693552429292,4.086834707864178,10.364484887464926,9.144839205594884,9.898182650343472,6.098541674993942,9.643922912877406,7.062629036092889,2.662410607590491,Stage IV,4.0,79,6.575270408,1,0,Low ACTN1
TCGA-XF-A8HD,BLCA,BLCA,DFC67E7B-3986-4129-AE02-4D8F57E776E3,77,Male,STAGE III,6TH,2964,-28305,0,Not Hispanic Or Latino,3/4/14,No,C67.9,8120/3,C67.9,Yes,No,MX,N0,T3A,Tumor Free,Yes,No,White,No,77,Yes,0:LIVING,97.44550745,0:ALIVE OR DEAD TUMOR FREE,97.44550745,0:DiseaseFree,97.44550745,0:CENSORED,97.44550745, ,High Grade,Primary,Muscle Invasive Urothelial Carcinoma (PT2 or Above),12.801005025213048,4.932651776590417,8.171837308163585,5.943447849909535,10.799427340934287,8.65817577203654,12.31267878587945,9.898327785974798,12.612267249088594,8.358141277962147,4.292752306171469,Stage III,3.0,77,97.44550745,0,1,High ACTN1
TCGA-XF-A8HE,BLCA,BLCA,841B4582-A268-4A55-A9A2-47C7E5C3B69F,47,Male,STAGE III,6TH,3817,-17212,0,Not Hispanic Or Latino,3/3/14,No,C67.9,8120/3,C67.9,Yes,No,MX,N0,T3B,Tumor Free,Yes,No,White,No,80,Yes,0:LIVING,125.4890357,0:ALIVE OR DEAD TUMOR FREE,125.4890357,0:DiseaseFree,125.4890357,0:CENSORED,125.4890357,EUR,High Grade,Primary,Muscle Invasive Urothelial Carcinoma (PT2 or Above),11.92997587850652,6.1606761965919725,7.175414817959932,5.679412537570362,11.05352545434126,6.764778724618195,11.619564322766564,10.112348276568406,12.573060144894308,7.8785291765412095,5.101708898667877,Stage III,3.0,47,125.4890357,0,1,High ACTN1
TCGA-XF-A8HF,BLCA,BLCA,8573E114-AC20-4113-A942-01F2D1562A7B,80,Male,STAGE III,6TH,1709,-29288,0,Not Hispanic Or Latino,3/13/14,No,C67.9,8120/3,C67.9,Yes,No,M0,N0,T3A,Tumor Free,Yes,No,White,No,83,Yes,1:DECEASED,97.11674393,0:ALIVE OR DEAD TUMOR FREE,97.11674393,0:DiseaseFree,97.11674393,0:CENSORED,97.11674393,EUR,High Grade,Primary,Muscle Invasive Urothelial Carcinoma (PT2 or Above),12.803509592520737,5.6209763545785485,10.650468394312739,6.866809092297767,9.614262612946419,9.367788209116203,13.497589913142837,11.763818204711116,11.26769379486093,8.422195149628656,5.717446121771676,Stage III,3.0,80,97.11674393,1,0,Low ACTN1
TCGA-XF-A8HG,BLCA,BLCA,B9B61CF9-8711-4C3A-8511-659070CFE36B,69,Male,STAGE III,6TH,,-25421,0,Not Hispanic Or Latino,3/5/14,No,C67.9,8120/3,C67.9,Yes,Yes,MX,N0,T3B,With Tumor,Yes,No,White,No,108,Yes,1:DECEASED,15.3532564,1:DEAD WITH TUMOR,15.3532564,1:Recurred/Progressed,13.08478811,1:PROGRESSION,13.08478811,EUR,High Grade,Primary,Muscle Invasive Urothelial Carcinoma (PT2 or Above),10.718515751990848,3.062484412909446,10.079498117360773,4.740884397517659,9.629675362179672,9.412042632267587,8.99684629566656,6.469820871238649,11.34568244818678,5.456106311838813,3.973436782435483,Stage III,3.0,69,15.3532564,1,0,Low ACTN1
TCGA-XF-A8HH,BLCA,BLCA,02964D82-CC94-4286-A66F-03567101950C,61,Female,STAGE IV,6TH,,-22393,0,Not Hispanic Or Latino,3/13/14,No,C67.9,8120/3,C67.9,Yes,No,M0,N2,T3B,With Tumor,Yes,No,White,No,72,Yes,1:DECEASED,1.873952066,1:DEAD WITH TUMOR,1.873952066,,,1:PROGRESSION,1.873952066,EUR,High Grade,Primary,Muscle Invasive Urothelial Carcinoma (PT2 or Above),13.814382188951573,7.473900530737056,8.736838225622417,8.3459418605128,10.452714852703442,9.52940322272275,14.359296588378099,13.747490203453589,12.924101741873903,8.725185590146173,7.152832404689421,Stage IV,4.0,61,1.873952066,1,1,High ACTN1
TCGA-XF-A8HI,BLCA,BLCA,EED3908F-F1BD-4254-BCA8-BC1A7427E95C,57,Female,STAGE IV,6TH,,-21059,0,Not Hispanic Or Latino,3/13/14,No,C67.9,8130/3,C67.9,Yes,Yes,MX,N2,T2B,With Tumor,Yes,No,White,No,92,Yes,1:DECEASED,17.88473551,1:DEAD WITH TUMOR,17.88473551,,,1:PROGRESSION,15.38613276,EUR,High Grade,Primary,Muscle Invasive Urothelial Carcinoma (PT2 or Above),12.791779484477368,4.517811092010603,8.483799657676538,7.992377572402703,9.787360630975906,8.200099201643173,10.94077606646185,7.921721947009604,10.880448300934997,8.406689720547655,4.355735176615385,Stage IV,4.0,57,17.88473551,1,0,Low ACTN1
TCGA-XF-A9SH,BLCA,BLCA,B838A4DB-EF0A-4D88-A220-BF57E31E0B3C,65,Female,STAGE II,6TH,,-24060,0,Not Hispanic Or Latino,6/16/14,No,C67.9,8120/3,C67.9,Yes,Yes,M0,N0,T2B,With Tumor,Yes,No,Asian,No,54,Yes,1:DECEASED,64.79928987,1:DEAD WITH TUMOR,64.79928987,,,1:PROGRESSION,17.98336457, ,High Grade,Primary,Muscle Invasive Urothelial Carcinoma (PT2 or Above),12.712129301733945,4.691478331987407,9.555758648532848,8.383820912808636,10.3247543595347,8.644808054420919,11.049984646336743,9.514617411042403,12.542780390364175,7.828523690302958,6.4808548130027805,Stage II,2.0,65,64.79928987,1,1,High ACTN1
TCGA-XF-A9SI,BLCA,BLCA,6B0C8E8D-8ABA-413D-85ED-631653F00CA9,73,Female,STAGE II,6TH,2423,-26719,0,Not Hispanic Or Latino,6/16/14,No,C67.9,8130/3,C67.9,Yes,No,MX,N0,T2B,Tumor Free,Yes,No,Asian,No,63,Yes,0:LIVING,79.65940099,0:ALIVE OR DEAD TUMOR FREE,79.65940099,0:DiseaseFree,79.65940099,0:CENSORED,79.65940099, ,High Grade,Primary,Muscle Invasive Urothelial Carcinoma (PT2 or Above),13.57187112541885,6.976581306777504,8.80915716469159,9.320484678017694,10.926184785841281,7.68976041369556,14.225260166061794,12.734406910373494,11.873294144415635,10.11929132486282,8.044694649521167,Stage II,2.0,73,79.65940099,0,0,Low ACTN1
TCGA-XF-A9SJ,BLCA,BLCA,B319798A-3F35-4902-8ECF-5BE529D99312,83,Male,STAGE IV,6TH,,-30362,0,Not Hispanic Or Latino,7/2/14,No,C67.9,8120/3,C67.9,Yes,No,MX,N2,T3B,With Tumor,Yes,Yes,White,No,95,Yes,1:DECEASED,3.2218825,1:DEAD WITH TUMOR,3.2218825,,,1:PROGRESSION,3.2218825,EUR,High Grade,Primary,Muscle Invasive Urothelial Carcinoma (PT2 or Above),13.384459997604978,6.255749973064664,8.96568906364706,5.472110801890828,9.823301951045009,9.888435806439345,13.127239899808973,8.104740264393575,13.344406880189315,9.488762019130402,4.568476036201796,Stage IV,4.0,83,3.2218825,1,1,High ACTN1
TCGA-XF-A9SK,BLCA,BLCA,03F588D6-832E-47D8-A9C4-AF6640A1A635,65,Male,STAGE IV,6TH,,-24019,0,Not Hispanic Or Latino,8/25/14,No,C67.9,8120/3,C67.9,Yes,Yes,MX,N1,T3B,With Tumor,Yes,Yes,White,No,90,Yes,1:DECEASED,15.97790709,1:DEAD WITH TUMOR,15.97790709,,,1:PROGRESSION,12.55876648,EUR,High Grade,Primary,Muscle Invasive Urothelial Carcinoma (PT2 or Above),11.918676926815126,5.428058620021508,8.19837628158208,6.102712714252985,10.650845320785542,9.112968528282726,13.564590140290365,12.124870904804615,12.40274029397231,8.693100096095204,7.542103245856593,Stage IV,4.0,65,15.97790709,1,1,High ACTN1
TCGA-XF-A9SL,BLCA,BLCA,51FDB034-5D05-427B-B6B8-B6EECD65D976,69,Male,STAGE IV,6TH,,-25460,0,Not Hispanic Or Latino,7/2/14,No,C67.9,8120/3,C67.9,Yes,No,MX,N2,T3A,Tumor Free,Yes,No,White,No,89,Yes,1:DECEASED,66.41023112,0:ALIVE OR DEAD TUMOR FREE,66.41023112,,,0:CENSORED,66.41023112,EUR,High Grade,Primary,Muscle Invasive Urothelial Carcinoma (PT2 or Above),15.746884289704923,8.412413184692769,9.077015957448472,10.526714404723934,11.906458473790948,8.629367549546096,16.51527788190165,16.475362958280822,13.859777415171992,10.198248575985012,10.444921698992287,Stage IV,4.0,69,66.41023112,1,1,High ACTN1
TCGA-XF-A9SM,BLCA,BLCA,B027F4E2-F260-4D60-A1F4-444BC49C4A0B,76,Male,STAGE III,6TH,1048,-27826,0,Not Hispanic Or Latino,8/25/14,No,C67.9,8120/3,C67.9,Yes,No,MX,N0,T3B,Tumor Free,Yes,Yes,White,No,110,Yes,0:LIVING,34.45441694,0:ALIVE OR DEAD TUMOR FREE,34.45441694,0:DiseaseFree,34.45441694,0:CENSORED,34.45441694,EUR,High Grade,Primary,Muscle Invasive Urothelial Carcinoma (PT2 or Above),13.01408325548339,5.963555042100491,7.628489285122708,6.143395459625199,10.960168498686862,6.8520238143034495,12.055028178774277,10.201401070601149,13.182822628718874,9.084569247260527,4.771663770866034,Stage III,3.0,76,34.45441694,0,1,High ACTN1
TCGA-XF-A9SP,BLCA,BLCA,76388364-EB01-4B16-A2B9-0B6C05B4B386,59,Male,STAGE III,6TH,,-21776,0,Not Hispanic Or Latino,8/25/14,No,C67.9,8120/3,C67.9,Yes,Yes,MX,N0,T3B,With Tumor,Yes,Yes,White,No,86,Yes,1:DECEASED,14.92586383,1:DEAD WITH TUMOR,14.92586383,,,1:PROGRESSION,10.19166913,EUR,High Grade,Primary,Muscle Invasive Urothelial Carcinoma (PT2 or Above),14.346395996911474,7.954004326095906,9.872730278696533,8.599325233319313,11.209087771580226,9.232372956468632,15.193594659943589,14.827888474869109,13.005935018000704,9.269886407582568,9.435870245232437,Stage III,3.0,59,14.92586383,1,1,High ACTN1
TCGA-XF-A9ST,BLCA,BLCA,33708951-0A0D-4AD0-B472-23151C9F76F6,68,Male,STAGE III,6TH,,-25080,0,Not Hispanic Or Latino,8/28/14,No,C67.9,8130/3,C67.9,Yes,No,MX,N0,T3B,,Yes,Yes,White,No,101,Yes,1:DECEASED,4.208173061,,4.208173061,,,0:CENSORED,4.208173061,EUR,High Grade,Primary,Muscle Invasive Urothelial Carcinoma (PT2 or Above),10.690740087286608,4.0963630675884,6.3491900967162245,3.617498320822524,10.480790201095816,6.066765160791779,11.18240056120116,8.299446157913211,12.04523749418908,11.348971533171312,3.3400352259128483,Stage III,3.0,68,4.208173061,1,0,Low ACTN1
TCGA-XF-A9SU,BLCA,BLCA,42BCF1A7-2F3A-4ED8-A41D-CDD67E65B928,74,Female,STAGE IV,6TH,,-27068,0,Not Hispanic Or Latino,8/28/14,No,C67.9,8130/3,C67.9,Yes,Yes,MX,N1,T3B,With Tumor,Yes,No,White,No,56,Yes,1:DECEASED,5.983496071,1:DEAD WITH TUMOR,5.983496071,,,1:PROGRESSION,3.38626426,EUR,High Grade,Primary,Muscle Invasive Urothelial Carcinoma (PT2 or Above),14.165236773502768,6.776393551082407,8.322275201621972,8.553610096249834,10.44157477389952,8.068676184221244,14.893652301283296,14.036525655887305,12.767176816402849,9.491734870642011,7.547010179447681,Stage IV,4.0,74,5.983496071,1,1,High ACTN1
TCGA-XF-A9SV,BLCA,BLCA,CDFD86DB-15E2-4D38-A717-2207E8DE2D8F,82,Male,STAGE IV,6TH,,-30265,0,Not Hispanic Or Latino,7/4/14,No,C67.9,8130/3,C67.9,Yes,Yes,M1,N2,T4A,With Tumor,Yes,Yes,White,No,74,Yes,1:DECEASED,12.75602459,1:DEAD WITH TUMOR,12.75602459,,,1:PROGRESSION,7.791695434,EUR,High Grade,Primary,Muscle Invasive Urothelial Carcinoma (PT2 or Above),12.39157924821793,6.720593131085136,8.826519887326008,7.044984192095803,9.92556927470773,8.565932222365317,13.885038546604667,8.220358978763588,11.678732167381437,7.879999763846235,4.882153917287012,Stage IV,4.0,82,12.75602459,1,0,Low ACTN1
TCGA-XF-A9SW,BLCA,BLCA,F5E03536-26E1-480D-A7BB-010EB8210CD6,85,Male,STAGE IV,6TH,,-31049,0,Not Hispanic Or Latino,7/5/14,No,C67.9,8120/3,C67.9,Yes,No,MX,N2,T3B,With Tumor,Yes,Yes,White,No,65,Yes,1:DECEASED,11.90123944,1:DEAD WITH TUMOR,11.90123944,,,1:PROGRESSION,11.90123944,EUR,High Grade,Primary,Muscle Invasive Urothelial Carcinoma (PT2 or Above),16.213014960000287,8.822452925046685,8.380655864470675,10.554205105155654,11.618523157431737,8.525916174723502,17.16972931013253,17.296880368421416,14.357173962393121,9.930852630305543,10.328495420665915,Stage IV,4.0,85,11.90123944,1,1,High ACTN1
TCGA-XF-A9SX,BLCA,BLCA,A648D9BF-CF37-41FC-9515-E8F5AC85FCD4,63,Female,STAGE IV,6TH,,-23349,0,Not Hispanic Or Latino,7/5/14,No,C67.9,8120/3,C67.9,Yes,Yes,MX,N2,T3B,With Tumor,Yes,No,White,No,56,Yes,1:DECEASED,23.63809712,1:DEAD WITH TUMOR,23.63809712,,,1:PROGRESSION,15.61626722,EUR,High Grade,Primary,Muscle Invasive Urothelial Carcinoma (PT2 or Above),13.309064177589864,5.638589407129084,8.483920550194512,7.346558054913105,10.661127847933178,8.852432754302004,14.289478599385623,10.259531433207446,12.55680778204077,9.406460138944789,5.871875675195382,Stage IV,4.0,63,23.63809712,1,1,High ACTN1
TCGA-XF-A9SY,BLCA,BLCA,8A83F744-8469-41EF-A4CD-E983F849383F,60,Female,STAGE IV,6TH,640,-22212,0,Not Hispanic Or Latino,7/5/14,No,C67.9,8120/3,C67.9,Yes,Yes,MX,N2,T3B,With Tumor,Yes,Yes,White,No,64,Yes,0:LIVING,21.04086531,0:ALIVE OR DEAD TUMOR FREE,21.04086531,,,1:PROGRESSION,5.523227143,EUR,High Grade,Primary,Muscle Invasive Urothelial Carcinoma (PT2 or Above),11.289137058574243,5.934396193353595,6.615910608716604,7.630383628187105,10.983577947400285,5.639191637538495,12.139289136652952,10.239431458115186,14.336360107114789,9.227786794594884,5.475029742920931,Stage IV,4.0,60,21.04086531,0,1,High ACTN1
TCGA-XF-A9SZ,BLCA,BLCA,DC321B92-7275-48C9-ADEB-7670DB3195EF,79,Male,STAGE IV,5TH,,-29100,0,Not Hispanic Or Latino,6/27/14,No,C67.9,8120/3,C67.9,Yes,Yes,MX,N2,T3B,With Tumor,Yes,No,White,No,77,Yes,1:DECEASED,28.2407864,1:DEAD WITH TUMOR,28.2407864,,,1:PROGRESSION,28.07640464,EUR,High Grade,Primary,Muscle Invasive Urothelial Carcinoma (PT2 or Above),13.367837887015032,6.148244715462622,7.754186021561574,5.720658791825032,10.559606526761405,8.1152673871375,14.380434007538904,12.553036448113685,12.175484057156845,9.541431591547852,7.478761531464075,Stage IV,4.0,79,28.2407864,1,1,High ACTN1
TCGA-XF-A9T0,BLCA,BLCA,5F5C1775-A908-483D-8A77-B902C5B7570E,68,Male,STAGE III,6TH,799,-25190,0,Not Hispanic Or Latino,6/28/14,No,C67.9,8120/3,C67.9,Yes,No,MX,N0,T3B,Tumor Free,Yes,Yes,White,No,82,Yes,0:LIVING,26.26820528,0:ALIVE OR DEAD TUMOR FREE,26.26820528,0:DiseaseFree,26.26820528,0:CENSORED,26.26820528,EUR,High Grade,Primary,Muscle Invasive Urothelial Carcinoma (PT2 or Above),11.647314509547135,5.640511032871353,7.777321077569584,5.495119504556623,10.01467609179447,8.82900279333998,12.381053498222819,10.157106887321717,10.961131311316528,8.418388153070905,6.256474789905892,Stage III,3.0,68,26.26820528,0,0,Low ACTN1
TCGA-XF-A9T2,BLCA,BLCA,AA6B44AB-14B1-4B5D-8679-BA958B546AFA,54,Male,STAGE III,5TH,,-19945,0,Not Hispanic Or Latino,6/28/14,No,C67.9,8120/3,C67.9,Yes,No,MX,N0,T3B,,Yes,Yes,White,No,121,Yes,1:DECEASED,18.90390242,,18.90390242,,,0:CENSORED,18.90390242,EUR,High Grade,Primary,Muscle Invasive Urothelial Carcinoma (PT2 or Above),13.077596845295677,8.52213031201306,9.243814245613398,5.086940830674999,11.395394893141432,8.442292477945946,11.943998222540271,6.003332380700192,12.250541215605278,9.432364423367414,3.245282680729202,Stage III,3.0,54,18.90390242,1,1,High ACTN1
TCGA-XF-A9T3,BLCA,BLCA,5F7C3B2D-9A5B-470F-BD12-9C7787A543F0,69,Female,STAGE IV,4TH,68,-25532,0,Not Hispanic Or Latino,6/30/14,No,C67.9,8120/3,C67.9,Yes,,MX,N2,T3B,Tumor Free,Yes,Yes,White,,50,Yes,0:LIVING,2.235591939,0:ALIVE OR DEAD TUMOR FREE,2.235591939,,,0:CENSORED,2.235591939,EUR,High Grade,Primary,Muscle Invasive Urothelial Carcinoma (PT2 or Above),14.308360363208823,7.942297498301664,8.392751024871977,8.619724788029822,11.700734469467944,7.5999202787403375,14.99116750614001,15.058587929287963,13.875422999773054,9.021141000774595,8.33706433868474,Stage IV,4.0,69,2.235591939,0,1,High ACTN1
TCGA-XF-A9T4,BLCA,BLCA,F9A03EAA-A228-429C-99C5-8E877379DB0F,48,Male,STAGE IV,6TH,,-17728,0,Not Hispanic Or Latino,7/1/14,No,C67.9,8120/3,C67.9,Yes,Yes,MX,N1,T2B,With Tumor,Yes,No,White,No,80,Yes,1:DECEASED,16.27379426,1:DEAD WITH TUMOR,16.27379426,,,1:PROGRESSION,5.983496071,EUR_ADMIX,High Grade,Primary,Muscle Invasive Urothelial Carcinoma (PT2 or Above),12.196285522571506,6.488053810117943,7.555647462743659,6.219133662979672,10.936851383192986,6.804944123440685,10.32791186971499,7.44765357739591,13.712806398823325,7.912889336229962,3.0120501397313597,Stage IV,4.0,48,16.27379426,1,1,High ACTN1
TCGA-XF-A9T5,BLCA,BLCA,F9A7AB94-70DF-4194-8102-66021D01DADD,78,Female,STAGE IV,6TH,2027,-28578,0,Not Hispanic Or Latino,7/5/14,No,C67.9,8120/3,C67.9,Yes,Yes,MX,N1,T3A,Tumor Free,Yes,Yes,White,No,75,Yes,0:LIVING,66.64036559,0:ALIVE OR DEAD TUMOR FREE,66.64036559,,,1:PROGRESSION,21.82989776,EUR,High Grade,Primary,Muscle Invasive Urothelial Carcinoma (PT2 or Above),13.055716263512544,5.163667788202557,7.999684375937165,6.68943894979436,10.596264312101166,7.3125199674749455,11.985475525612323,9.725456583286745,12.576628420148735,8.69517608204536,5.318656684347136,Stage IV,4.0,78,66.64036559,0,1,High ACTN1
TCGA-XF-A9T6,BLCA,BLCA,6EE18B9A-3F45-491F-9535-502820CFCF46,88,Female,STAGE III,6TH,64,-32207,0,Not Hispanic Or Latino,7/5/14,No,C67.9,8130/3,C67.9,Yes,,MX,N0,T3B,,Yes,Yes,White,,72,Yes,0:LIVING,2.104086531,0:ALIVE OR DEAD TUMOR FREE,2.104086531,,,0:CENSORED,2.104086531,EUR,High Grade,Primary,Muscle Invasive Urothelial Carcinoma (PT2 or Above),10.711417469842855,4.16521252447583,8.474646948163231,2.767336988996963,10.539595044052207,7.6710951864738615,10.753308690892604,7.177509236446778,12.60189379287617,7.78312265851643,2.660928616868756,Stage III,3.0,88,2.104086531,0,1,High ACTN1
TCGA-XF-A9T8,BLCA,BLCA,317E1DB6-DF93-4793-A4DF-2FA234D8A81A,64,Male,STAGE III,4TH,,-23403,0,Not Hispanic Or Latino,7/5/14,No,C67.9,8120/3,C67.9,Yes,,MX,N0,T3B,,Yes,Yes,White,,87,Yes,1:DECEASED,13.74231515,,13.74231515,,,0:CENSORED,13.74231515,EUR,High Grade,Primary,Muscle Invasive Urothelial Carcinoma (PT2 or Above),13.377888329339656,7.032784109616803,7.582977429990839,8.547349569953793,10.97696501521602,6.565958109084679,12.462676080806725,11.212155886008773,12.768777742677019,9.202089531859974,4.72924277251734,Stage III,3.0,64,13.74231515,1,1,High ACTN1
TCGA-XF-AAME,BLCA,BLCA,C8388AC0-975D-4F1E-8324-8CABDC75738D,64,Female,STAGE II,6TH,,-23448,0,Not Hispanic Or Latino,7/11/14,No,C67.9,8120/3,C67.9,Yes,Yes,MX,N0,T2B,With Tumor,Yes,No,White,No,67,Yes,1:DECEASED,92.97432357,1:DEAD WITH TUMOR,92.97432357,,,1:PROGRESSION,54.27885722, ,High Grade,Primary,Muscle Invasive Urothelial Carcinoma (PT2 or Above),15.830936030680633,8.751252812828783,8.200079578812483,11.17815440267615,11.549515160046772,7.537156264286247,15.262201310690969,14.794755988725132,13.268644336205218,10.487608942990489,10.353036523495591,Stage II,2.0,64,92.97432357,1,1,High ACTN1
TCGA-XF-AAMG,BLCA,BLCA,390A29FE-2CFD-43C4-A247-69E692763E17,49,Male,STAGE III,6TH,3364,-18021,0,Hispanic Or Latino,7/21/14,No,C67.9,8120/3,C67.9,Yes,No,MX,N0,T4A,Tumor Free,Yes,No,White,No,72,Yes,0:LIVING,110.5960483,0:ALIVE OR DEAD TUMOR FREE,110.5960483,0:DiseaseFree,110.5960483,0:CENSORED,110.5960483, ,High Grade,Primary,Muscle Invasive Urothelial Carcinoma (PT2 or Above),13.199910014173598,6.336442289829323,8.208253870566802,4.3974333436825805,11.256609709086312,8.088798836988655,12.806769110815692,10.908242488608478,12.033825605947092,8.976836169285527,5.992587176287765,Stage III,3.0,49,110.5960483,0,0,Low ACTN1
TCGA-XF-AAMH,BLCA,BLCA,0EC37C2C-8D90-48C1-9CBC-69FE6473C980,80,Male,STAGE IV,6TH,,-29547,0,Not Hispanic Or Latino,7/9/14,No,C67.9,8120/3,C67.9,Yes,Yes,MX,N1,T3B,With Tumor,Yes,No,White,No,87,Yes,1:DECEASED,11.3094651,1:DEAD WITH TUMOR,11.3094651,,,1:PROGRESSION,10.29029819,EUR,High Grade,Primary,Muscle Invasive Urothelial Carcinoma (PT2 or Above),12.164397872162482,4.10546018231033,10.398583383583022,3.0569649598007262,9.922052120272598,10.072588190668185,11.875837645647216,10.1595938687439,11.612029905922428,8.992564517876373,4.677034595224085,Stage IV,4.0,80,11.3094651,1,0,Low ACTN1
TCGA-XF-AAMJ,BLCA,BLCA,8F10E006-531A-49AC-B51B-DF3FDCB20929,70,Male,STAGE III,6TH,,-25838,0,Not Hispanic Or Latino,7/12/14,No,C67.9,8120/3,C67.9,Yes,No,M0,N0,T3B,Tumor Free,Yes,Yes,Asian,Yes,55,Yes,1:DECEASED,54.90350791,0:ALIVE OR DEAD TUMOR FREE,54.90350791,0:DiseaseFree,54.90350791,0:CENSORED,54.90350791, ,High Grade,Primary,Muscle Invasive Urothelial Carcinoma (PT2 or Above),13.641769536301764,7.670670410472651,9.161038640291693,8.019635203820023,11.721137648666602,7.467271327775097,14.594522890877423,12.947832327719244,13.443655857907856,9.581929279039581,9.40523934178044,Stage III,3.0,70,54.90350791,1,1,High ACTN1
TCGA-XF-AAML,BLCA,BLCA,329D372C-C44E-4595-B8AC-474C5A1321A5,75,Male,STAGE II,6TH,,-27422,0,Not Hispanic Or Latino,7/12/14,No,C67.2,8130/3,C67.2,Yes,No,MX,N0,T2B,Tumor Free,Yes,Yes,White,No,129,Yes,1:DECEASED,7.627313673,0:ALIVE OR DEAD TUMOR FREE,7.627313673,0:DiseaseFree,7.627313673,0:CENSORED,7.627313673,EUR,High Grade,Primary,Muscle Invasive Urothelial Carcinoma (PT2 or Above),10.005582446584182,3.761583144239909,8.692423710754117,1.8125392979173274,11.264911693074465,7.60338154819642,7.263391278433104,3.761583144239909,10.592774694207332,6.009933842111729,1.1739589027268023,Stage II,2.0,75,7.627313673,1,0,Low ACTN1
TCGA-XF-AAMQ,BLCA,BLCA,82F4C181-E022-4799-9F7F-01ABCDC3803E,59,Female,STAGE II,6TH,2177,-21660,0,Not Hispanic Or Latino,7/13/14,No,C67.2,8130/3,C67.2,Yes,No,MX,N0,T2A,Tumor Free,Yes,No,White,No,85,Yes,0:LIVING,71.57181839,0:ALIVE OR DEAD TUMOR FREE,71.57181839,0:DiseaseFree,71.57181839,0:CENSORED,71.57181839,EUR,High Grade,Primary,Muscle Invasive Urothelial Carcinoma (PT2 or Above),12.184091191169612,3.9371277832924996,8.028939281520215,5.489941060425391,10.606553268735157,7.2787746668227,10.378164779871632,7.4289296003009,11.737889524761846,8.308229799881486,2.569758412969997,Stage II,2.0,59,71.57181839,0,0,Low ACTN1
TCGA-XF-AAMR,BLCA,BLCA,818F5A45-4DEB-49E4-9A73-55EF4269DE4C,48,Male,STAGE III,6TH,2790,-17670,0,Not Hispanic Or Latino,7/13/14,No,C67.9,8120/3,C67.9,Yes,No,MX,N0,T3B,Tumor Free,Yes,No,White,No,79,Yes,0:LIVING,91.72502219,0:ALIVE OR DEAD TUMOR FREE,91.72502219,0:DiseaseFree,91.72502219,0:CENSORED,91.72502219,EUR,High Grade,Primary,Muscle Invasive Urothelial Carcinoma (PT2 or Above),15.371528234419982,8.578116021668695,7.865795121403348,10.310396929246725,11.840801522557564,8.701829723093391,16.089185620634,16.232821869923196,14.378139034265002,8.698232371599744,10.369913548632562,Stage III,3.0,48,91.72502219,0,1,High ACTN1
TCGA-XF-AAMT,BLCA,BLCA,ADA95115-275F-4229-AA00-F298A5FF931C,75,Female,STAGE IV,5TH,,-27397,0,Not Hispanic Or Latino,7/13/14,No,C67.9,8120/3,C67.9,Yes,No,MX,N2,T3B,With Tumor,Yes,No,White,No,60,Yes,1:DECEASED,2.958871684,1:DEAD WITH TUMOR,2.958871684,,,1:PROGRESSION,2.958871684, ,High Grade,Primary,Muscle Invasive Urothelial Carcinoma (PT2 or Above),13.28772247837939,9.568529998005431,7.902887579689762,7.690333280450233,11.317689593667742,7.690333280450233,13.941497002623429,12.188876243469238,13.756869011549092,9.611801282188182,7.618091793983796,Stage IV,4.0,75,2.958871684,1,1,High ACTN1
TCGA-XF-AAMW,BLCA,BLCA,19DA59A8-B67A-438D-900A-92A71E03BEF3,79,Female,STAGE IV,5TH,,-28903,0,Not Hispanic Or Latino,7/13/14,No,C67.9,8120/3,C67.9,Yes,No,MX,N0,T2B,With Tumor,Yes,No,White,No,63,Yes,1:DECEASED,8.317717066,1:DEAD WITH TUMOR,8.317717066,,,1:PROGRESSION,8.317717066,EUR,High Grade,Primary,Muscle Invasive Urothelial Carcinoma (PT2 or Above),12.15690155138309,6.792152569995313,7.754513421621813,7.634346409407343,10.857576735141706,6.583768777975584,10.221442119501692,6.861918155230356,13.07948978391649,8.563497557102108,4.419282689272942,Stage IV,4.0,79,8.317717066,1,1,High ACTN1
TCGA-XF-AAMX,BLCA,BLCA,EDC290BF-9731-4F03-BC37-64542E78E8BB,87,Female,STAGE III,6TH,,-31884,0,Not Hispanic Or Latino,7/14/14,No,C67.9,8120/3,C67.9,Yes,No,MX,N0,T3B,Tumor Free,Yes,No,Black or African American,No,77,Yes,1:DECEASED,6.77252852,0:ALIVE OR DEAD TUMOR FREE,6.77252852,0:DiseaseFree,6.77252852,0:CENSORED,6.77252852, ,High Grade,Primary,Muscle Invasive Urothelial Carcinoma (PT2 or Above),12.686248821474479,6.113825496208103,7.579821263803801,7.130858815620698,10.299505686653221,7.194786397362919,11.79045846649085,9.851360210813498,10.258966399812254,7.936137325305476,4.504181797292895,Stage III,3.0,87,6.77252852,1,0,Low ACTN1
TCGA-XF-AAMY,BLCA,BLCA,9D2B19EB-BD61-490E-982B-FADF2C4AADF7,78,Male,STAGE III,5TH,3011,-28509,0,Not Hispanic Or Latino,7/15/14,No,C67.9,8130/3,C67.9,Yes,Yes,MX,N0,T3B,Tumor Free,Yes,Yes,White,No,119,Yes,0:LIVING,98.99069599,0:ALIVE OR DEAD TUMOR FREE,98.99069599,1:Recurred/Progressed,20.94223625,1:PROGRESSION,20.94223625, ,High Grade,Primary,Muscle Invasive Urothelial Carcinoma (PT2 or Above),13.101447198596627,7.225323137169391,8.117544407803578,8.041062239707802,11.29239065962155,7.6847906911095185,13.338792084009837,11.901960487369825,12.09087327372135,9.158059263859302,6.015733943348594,Stage III,3.0,78,98.99069599,0,0,Low ACTN1
TCGA-XF-AAMZ,BLCA,BLCA,ED36D054-53C4-465C-BD84-6EC5227097BF,81,Female,STAGE IV,6TH,,-29667,0,Not Hispanic Or Latino,7/15/14,No,C67.9,8130/3,C67.9,Yes,Yes,MX,N2,T3A,With Tumor,Yes,Yes,White,No,52,Yes,1:DECEASED,44.31732255,1:DEAD WITH TUMOR,44.31732255,,,1:PROGRESSION,44.18581714, ,High Grade,Primary,Muscle Invasive Urothelial Carcinoma (PT2 or Above),12.707889690880712,4.166996566386055,7.349418358509414,7.393098671023606,10.463033855317493,8.185252080048214,11.798066720363062,10.510783944273651,11.35123741079718,8.08966763043294,6.051145847122414,Stage IV,4.0,81,44.31732255,1,0,Low ACTN1
TCGA-XF-AAN0,BLCA,BLCA,E7E95597-EF88-4442-8C01-8D633822E7B5,68,Male,STAGE IV,6TH,,-24877,0,Not Hispanic Or Latino,7/19/14,No,C67.9,8120/3,C67.9,Yes,Yes,M0,N2,T4A,With Tumor,Yes,No,White,No,75,Yes,1:DECEASED,56.48157281,1:DEAD WITH TUMOR,56.48157281,,,1:PROGRESSION,19.82444028,EUR,High Grade,Primary,Muscle Invasive Urothelial Carcinoma (PT2 or Above),13.506518341020206,6.397515489239896,8.65304926566068,8.637784110291324,10.771349154807295,8.892099542926072,11.486070743735668,9.663938740484179,11.45716538221171,7.869667865245541,7.141259065206881,Stage IV,4.0,68,56.48157281,1,0,Low ACTN1
TCGA-XF-AAN1,BLCA,BLCA,5378F375-AA04-4ECA-BC35-190B3EFB52BC,75,Female,STAGE III,6TH,,-27687,0,Not Hispanic Or Latino,7/16/14,No,C67.9,8130/3,C67.9,Yes,Yes,M0,N0,T4A,With Tumor,Yes,Yes,,No,92,Yes,1:DECEASED,30.93664727,1:DEAD WITH TUMOR,30.93664727,,,1:PROGRESSION,21.36962883, ,High Grade,Primary,Muscle Invasive Urothelial Carcinoma (PT2 or Above),12.222601725745887,3.8924298858625215,9.851919219430059,5.763520463027609,9.82356627364535,9.287622352570027,11.290427859826513,9.3532505016916,12.05944924508434,8.67802611572503,4.021079910457638,Stage III,3.0,75,30.93664727,1,0,Low ACTN1
TCGA-XF-AAN2,BLCA,BLCA,987E8157-FBEA-40F3-AA01-0092D6CCEB97,73,Male,STAGE II,6TH,,-26720,0,Not Hispanic Or Latino,7/20/14,No,C67.9,8120/3,C67.9,Yes,No,MX,N0,T2B,Tumor Free,Yes,No,White,No,128,Yes,1:DECEASED,61.44590196,0:ALIVE OR DEAD TUMOR FREE,61.44590196,0:DiseaseFree,61.44590196,0:CENSORED,61.44590196,EUR,High Grade,Primary,Muscle Invasive Urothelial Carcinoma (PT2 or Above),11.173808284436857,4.25143128221156,7.913804947451565,4.303064701578658,10.696237303009001,7.6552802645836255,10.352208989559081,8.010170010134066,12.460522449194453,7.053936739025834,2.1604039258600136,Stage II,2.0,73,61.44590196,1,1,High ACTN1
TCGA-XF-AAN3,BLCA,BLCA,24AD2168-B25A-4DE8-A021-DFE1C74FCC6E,76,Male,STAGE IV,6TH,2625,-27909,0,Not Hispanic Or Latino,7/20/14,No,C67.9,8120/3,C67.9,Yes,No,MX,N2,T3B,Tumor Free,Yes,No,White,No,56,Yes,0:LIVING,86.30042411,0:ALIVE OR DEAD TUMOR FREE,86.30042411,,,0:CENSORED,86.30042411,EUR,High Grade,Primary,Muscle Invasive Urothelial Carcinoma (PT2 or Above),12.350505534600776,6.874993638932968,7.184895173631659,7.038392282039786,10.971924294727566,8.398482914600585,13.524762069139715,13.40729432318732,12.66794089765722,7.839165987731674,7.626811444155076,Stage IV,4.0,76,86.30042411,0,1,High ACTN1
TCGA-XF-AAN4,BLCA,BLCA,B6C36037-56B1-4957-8DF8-FDA72B0D3C39,77,Female,STAGE III,6TH,,-28302,0,Not Hispanic Or Latino,7/20/14,No,C67.9,8120/3,C67.9,Yes,No,MX,N0,T3B,Tumor Free,Yes,No,White,No,59,Yes,1:DECEASED,27.05723773,0:ALIVE OR DEAD TUMOR FREE,27.05723773,0:DiseaseFree,27.05723773,0:CENSORED,27.05723773,EUR,High Grade,Primary,Muscle Invasive Urothelial Carcinoma (PT2 or Above),17.224821325752053,9.549975218150689,7.510914461423105,11.503477939007059,12.445754632456037,7.887598378435203,17.228471124436354,17.430836369869755,15.13251981154666,10.138323004056483,10.271579746082578,Stage III,3.0,77,27.05723773,1,1,High ACTN1
TCGA-XF-AAN5,BLCA,BLCA,C1591625-E794-4155-8AE4-B74D6264659F,61,Female,STAGE III,6TH,2293,-22411,0,Not Hispanic Or Latino,7/20/14,No,C67.9,8120/3,C67.9,Yes,No,MX,N0,T3B,Tumor Free,Yes,No,White,No,56,Yes,0:LIVING,75.38547523,0:ALIVE OR DEAD TUMOR FREE,75.38547523,0:DiseaseFree,75.38547523,0:CENSORED,75.38547523,EUR,High Grade,Primary,Muscle Invasive Urothelial Carcinoma (PT2 or Above),11.262670398764993,5.3813249082314165,7.648336008838413,6.278579550458423,10.901636241330946,6.490745001697499,10.710410412931003,8.79978348199197,12.56502113280342,7.329903947823444,3.6267778674242988,Stage III,3.0,61,75.38547523,0,1,High ACTN1
TCGA-XF-AAN7,BLCA,BLCA,9D7FBDEB-EA3D-4E07-8527-23C5997D77CF,60,Male,STAGE IV,5TH,,-21951,0,Not Hispanic Or Latino,7/21/14,No,C67.9,8120/3,C67.9,Yes,Yes,MX,N1,T3A,With Tumor,Yes,Yes,White,No,89,Yes,1:DECEASED,18.5751389,1:DEAD WITH TUMOR,18.5751389,,,1:PROGRESSION,10.55330901,EUR,High Grade,Primary,Muscle Invasive Urothelial Carcinoma (PT2 or Above),14.945562714818786,6.064669483141011,8.74470940388983,5.490441771084856,11.742747315580994,5.931136979683722,12.724699294021326,11.95758455251613,12.91049657993306,9.849226805665698,4.574301363835844,Stage IV,4.0,60,18.5751389,1,1,High ACTN1
TCGA-XF-AAN8,BLCA,BLCA,AA14E232-C6C6-4075-9D15-E1857373D233,74,Female,STAGE III,6TH,,-27309,0,Not Hispanic Or Latino,7/21/14,No,C67.4,8120/3,C67.4,Yes,No,MX,N0,T3B,,Yes,Yes,White,No,66,Yes,1:DECEASED,3.879409541,,3.879409541,,,0:CENSORED,3.879409541,EUR,High Grade,Primary,Muscle Invasive Urothelial Carcinoma (PT2 or Above),14.857752641028082,9.606825282099605,8.808664989743354,11.656411455268998,12.173733344106166,7.5183462921933915,14.406543844802695,8.66038460089919,12.723976579403942,11.141666521209231,10.772595001962063,Stage III,3.0,74,3.879409541,1,1,High ACTN1
TCGA-YC-A89H,BLCA,BLCA,95520295-90D3-4B4E-86B6-4BD856723315,78,Female,STAGE II,7TH,573,-28741,0,Not Hispanic Or Latino,2/21/14,No,C67.9,8120/3,C67.9,Yes,No,MX,,,Tumor Free,No,No,White,No,44,Yes,0:LIVING,18.83814972,0:ALIVE OR DEAD TUMOR FREE,18.83814972,0:DiseaseFree,18.83814972,0:CENSORED,18.83814972,EUR,High Grade,Primary,Muscle Invasive Urothelial Carcinoma (PT2 or Above),11.025181098006142,3.6976181566372417,9.62891208494571,4.029232003134638,10.236169697909709,8.244311502281986,11.204069781747483,9.100551964670759,12.89361817601425,7.990858450667485,4.400360314147596,Stage II,2.0,78,18.83814972,0,1,High ACTN1
TCGA-YC-A8S6,BLCA,BLCA,97D6568C-0A89-4327-8988-71E81EE8DAE6,71,Male,STAGE II,7TH,293,-26130,0,Not Hispanic Or Latino,4/9/14,No,C67.9,8130/3,C67.9,Yes,No,MX,N0,T2A,Tumor Free,Yes,Yes,White,No,117,Yes,0:LIVING,9.632771148,0:ALIVE OR DEAD TUMOR FREE,9.632771148,0:DiseaseFree,9.632771148,0:CENSORED,9.632771148,EUR,High Grade,Primary,Muscle Invasive Urothelial Carcinoma (PT2 or Above),15.229874026563197,6.3781318254128125,8.00874233911342,8.936814584723367,11.263850152585206,6.331017236018097,13.608127737221134,11.372544062838141,12.476581676702809,10.755505190706181,7.013741392058742,Stage II,2.0,71,9.632771148,0,1,High ACTN1
TCGA-YC-A9TC,BLCA,BLCA,6EE03F14-14AC-4CB9-BD23-B69704176301,71,Male,STAGE IV,7TH,,-26283,0,Not Hispanic Or Latino,7/1/14,No,C67.9,8120/3,C67.9,Yes,No,M1,,,With Tumor,No,No,White,Yes,84,Yes,1:DECEASED,0.657527041,1:DEAD WITH TUMOR,0.657527041,,,1:PROGRESSION,0.657527041,EUR,High Grade,Primary,Muscle Invasive Urothelial Carcinoma (PT2 or Above),11.502970996046374,5.097307394273001,9.30168137849846,4.020742200942779,10.570311124318804,9.10760679912356,12.171367601160261,9.694514598750466,11.690792457514611,8.15646235027962,4.381795562921738,Stage IV,4.0,71,0.657527041,1,0,Low ACTN1
TCGA-YF-AA3L,BLCA,BLCA,661967E5-94B3-4F98-9402-6AB137893C16,47,Female,STAGE II,7TH,364,-17268,0,Hispanic Or Latino,5/23/14,No,C67.2,8120/3,C67.2,Yes,No,MX,N0,T2B,Tumor Free,Yes,No,,No,112,Yes,0:LIVING,11.96699214,0:ALIVE OR DEAD TUMOR FREE,11.96699214,0:DiseaseFree,11.96699214,0:CENSORED,11.96699214,AFR_ADMIX,High Grade,Primary,Muscle Invasive Urothelial Carcinoma (PT2 or Above),13.11952640013505,4.958053848190633,10.210610469292865,6.201910220569174,9.810224575038717,9.845626473264245,11.637630169212434,10.601677947901813,9.771365663126602,8.768733503212406,6.251861083161745,Stage II,2.0,47,11.96699214,0,0,Low ACTN1
TCGA-YF-AA3M,BLCA,BLCA,30AD8081-DAA7-4E2B-96F8-07F5AD12E774,57,Male,STAGE II,7TH,415,-21097,0,Hispanic Or Latino,5/23/14,Yes,C67.2,8120/3,C67.2,Yes,Yes,MX,NX,T2A,Tumor Free,No,Yes,,No,77,Yes,0:LIVING,13.6436861,0:ALIVE OR DEAD TUMOR FREE,13.6436861,1:Recurred/Progressed,12.52589013,1:PROGRESSION,12.52589013, ,High Grade,Primary,Muscle Invasive Urothelial Carcinoma (PT2 or Above),11.93085189127884,3.729618024690564,7.062844864626812,3.472617738134683,10.428726558153908,7.38323771684274,11.40585412313336,10.91353271854393,12.400287084110092,7.358079723348917,4.674183792066688,Stage II,2.0,57,13.6436861,0,1,High ACTN1
TCGA-ZF-A9R0,BLCA,BLCA,5B39A0DC-8AB2-46C6-95C7-65DF919EBC76,82,Male,STAGE III,7TH,567,-30222,0,Not Hispanic Or Latino,11/13/14,No,C67.4,8120/3,C67.4,Yes,Yes,M0,NX,T3B,With Tumor,,No,White,No,80,Yes,1:DECEASED,22.35591939,1:DEAD WITH TUMOR,22.35591939,,,1:PROGRESSION,18.37788079,EUR,High Grade,Primary,Muscle Invasive Urothelial Carcinoma (PT2 or Above),14.173466337537421,6.133226484912241,10.338368699150106,7.516354027036022,10.239085320635413,9.21928228555189,14.763990365632964,14.696869749913757,13.302181940875625,7.0847127363435565,7.409161784021587,Stage III,3.0,82,22.35591939,1,1,High ACTN1
TCGA-ZF-A9R1,BLCA,BLCA,F1BD8305-5C3F-4C82-9E68-BA9CF4ECDF7B,81,Male,STAGE IV,7TH,773,-29610,0,Not Hispanic Or Latino,11/15/14,No,C67.9,8120/3,C67.9,Yes,Yes,M0,N1,T3B,With Tumor,Yes,No,White,No,83,Yes,0:LIVING,25.41342013,0:ALIVE OR DEAD TUMOR FREE,25.41342013,,,1:PROGRESSION,24.92027485,EUR,High Grade,Primary,Muscle Invasive Urothelial Carcinoma (PT2 or Above),13.982013149892127,6.5051684488521815,8.638928192666794,7.028469698283507,10.050624129783314,7.879675138090308,13.84491168090043,13.131164056313503,13.015489973009851,6.844837554350319,6.919995487308005,Stage IV,4.0,81,25.41342013,0,1,High ACTN1
TCGA-ZF-A9R2,BLCA,BLCA,AEB08986-A802-43DD-A5B4-17F4EC018790,75,Male,STAGE II,7TH,642,-27537,0,Not Hispanic Or Latino,11/15/14,No,C67.9,8130/3,C67.9,Yes,No,M0,N0,T2B,Tumor Free,Yes,Yes,White,No,63,Yes,0:LIVING,21.10661801,0:ALIVE OR DEAD TUMOR FREE,21.10661801,0:DiseaseFree,21.10661801,0:CENSORED,21.10661801,EUR,High Grade,Primary,Muscle Invasive Urothelial Carcinoma (PT2 or Above),9.92429589067343,3.3630448883609767,7.952321916653393,3.433653871049409,10.406428249721388,7.2547640908402435,7.884878716156794,4.469794828401655,10.51522674595618,6.089330770200162,2.5512206809530262,Stage II,2.0,75,21.10661801,0,0,Low ACTN1
TCGA-ZF-A9R3,BLCA,BLCA,AB77B411-4DF2-4E3A-BFAD-946E8BB1FA70,53,Female,STAGE II,7TH,734,-19384,0,Not Hispanic Or Latino,11/15/14,No,C67.9,8120/3,C67.9,Yes,Yes,M0,NX,T2,Tumor Free,,No,White,No,110,Yes,1:DECEASED,31.19965809,1:DEAD WITH TUMOR,31.19965809,1:Recurred/Progressed,30.14761482,1:PROGRESSION,30.14761482,EUR,High Grade,Primary,Muscle Invasive Urothelial Carcinoma (PT2 or Above),11.905040957409716,5.23888619427919,8.67247838125537,6.07462959458988,10.182419184430783,8.120082322320958,10.631295304549656,7.3525378532115795,11.851022827072969,7.445511527663857,4.807834023349838,Stage II,2.0,53,31.19965809,1,0,Low ACTN1
TCGA-ZF-A9R4,BLCA,BLCA,371B5D70-9797-4DAE-B523-247F5EAEB4AB,83,Male,STAGE II,7TH,921,-30398,0,Not Hispanic Or Latino,11/15/14,No,C67.9,8120/3,C67.9,Yes,No,M0,NX,T2,Tumor Free,No,Yes,White,No,,Yes,0:LIVING,30.27912023,0:ALIVE OR DEAD TUMOR FREE,30.27912023,0:DiseaseFree,30.27912023,0:CENSORED,30.27912023,EUR,High Grade,Primary,Muscle Invasive Urothelial Carcinoma (PT2 or Above),11.192755142640367,4.119331274148553,8.932539580196872,4.18742729924821,11.16162949544574,7.896604870422162,8.906827476319735,8.241048848127193,11.545765707478475,6.8641613771448435,1.4222330006830475,Stage II,2.0,83,30.27912023,0,0,Low ACTN1
TCGA-ZF-A9R5,BLCA,BLCA,AAA55DE1-8F53-4B56-BA0A-67CFF909CF81,59,Male,STAGE III,7TH,1090,-21811,0,Not Hispanic Or Latino,11/13/14,No,C67.9,8120/3,C67.9,Yes,No,M0,N0,T3,Tumor Free,Yes,No,White,No,67,Yes,0:LIVING,35.83522372,0:ALIVE OR DEAD TUMOR FREE,35.83522372,0:DiseaseFree,35.83522372,0:CENSORED,35.83522372,EUR,High Grade,Primary,Muscle Invasive Urothelial Carcinoma (PT2 or Above),11.758252368200308,3.7487188341190647,9.595785222917305,3.6462433167663617,10.427354751878962,9.13753426266339,9.176292849175253,5.742399717502183,10.075318692553354,7.053078745089006,2.805457561465036,Stage III,3.0,59,35.83522372,0,0,Low ACTN1
TCGA-ZF-A9R7,BLCA,BLCA,CE4E4549-BEFC-447F-9B79-ED46E302E6D7,76,Female,STAGE II,7TH,665,-28063,0,Not Hispanic Or Latino,11/15/14,No,C67.9,8120/3,C67.9,Yes,No,M0,NX,,Tumor Free,,No,White,No,66,Yes,0:LIVING,21.86277411,0:ALIVE OR DEAD TUMOR FREE,21.86277411,0:DiseaseFree,21.86277411,0:CENSORED,21.86277411,EUR,High Grade,Primary,Muscle Invasive Urothelial Carcinoma (PT2 or Above),11.941220044323057,4.616192996381078,8.54627327296058,6.549593707547725,10.981588686715158,9.376550861862706,9.209636127917168,5.58647653578471,10.895666157946264,8.116858560653293,5.977760741714961,Stage II,2.0,76,21.86277411,0,0,Low ACTN1
TCGA-ZF-A9R9,BLCA,BLCA,EBAD8BC9-F196-4F53-BFEA-DE38488EB4E1,58,Male,STAGE IV,7TH,,-21491,0,Not Hispanic Or Latino,11/14/14,No,C67.9,8120/3,C67.9,Yes,Yes,MX,N2,T3B,With Tumor,Yes,No,White,No,,Yes,1:DECEASED,28.40516816,1:DEAD WITH TUMOR,28.40516816,,,1:PROGRESSION,20.67922543,EUR,High Grade,Primary,Muscle Invasive Urothelial Carcinoma (PT2 or Above),14.226239071039618,6.960882344685197,8.982480271715323,8.54149935184061,10.693983451871624,9.229957969622157,15.134358130732185,14.094028187051467,12.77911400199651,8.578353820144631,8.705732595033728,Stage IV,4.0,58,28.40516816,1,1,High ACTN1
TCGA-ZF-A9RC,BLCA,BLCA,4ED34DB5-DDB5-4EFD-A49B-84BF26789AEE,77,Male,STAGE III,6TH,2868,-28275,0,Not Hispanic Or Latino,11/15/14,No,C67.2,8120/3,C67.2,Yes,No,MX,N0,T3A,Tumor Free,Yes,No,White,No,99,Yes,0:LIVING,94.28937765,0:ALIVE OR DEAD TUMOR FREE,94.28937765,0:DiseaseFree,94.28937765,0:CENSORED,94.28937765,EUR,High Grade,Primary,Muscle Invasive Urothelial Carcinoma (PT2 or Above),13.99525483960039,6.870512680717926,10.286245856267863,6.479254817218368,11.224327329465023,8.827094955470951,14.665124916489884,13.16206870053482,12.655745367329946,8.14862402189051,9.01863417413905,Stage III,3.0,77,94.28937765,0,1,High ACTN1
TCGA-ZF-A9RD,BLCA,BLCA,F57122DD-A6F1-484D-B08A-CB1194DE2F9D,75,Female,STAGE IV,6TH,,-27496,0,Not Hispanic Or Latino,11/15/14,No,C67.4,8120/3,C67.4,Yes,,MX,N2,T3A,,Yes,No,White,No,64,Yes,1:DECEASED,13.41355163,,13.41355163,,,0:CENSORED,13.41355163,EUR,High Grade,Primary,Muscle Invasive Urothelial Carcinoma (PT2 or Above),13.210114246380186,6.179757847848851,6.816433310889738,7.998263212533092,9.94516287854761,6.646676784916723,11.612569056327358,10.678661753801327,13.169423978676072,8.40429858091935,5.0902267718767495,Stage IV,4.0,75,13.41355163,1,1,High ACTN1
TCGA-ZF-A9RE,BLCA,BLCA,284E175C-3229-4FEE-A627-A49EAC538E3A,78,Female,STAGE II,7TH,,-28622,0,Not Hispanic Or Latino,11/15/14,No,C67.9,8120/3,C67.9,Yes,No,MX,,,With Tumor,,No,White,Yes,62,Yes,1:DECEASED,3.484893316,1:DEAD WITH TUMOR,3.484893316,,,1:PROGRESSION,3.484893316,EUR,High Grade,Primary,Muscle Invasive Urothelial Carcinoma (PT2 or Above),10.565168735997187,3.7283123788436097,7.326950740685721,3.5429142338837094,9.980982094031216,6.250201761207667,8.386690257087597,5.2590313899150365,12.041012257664784,6.770181537587919,3.251597916280089,Stage II,2.0,78,3.484893316,1,0,Low ACTN1
TCGA-ZF-A9RF,BLCA,BLCA,FA05F7F6-50E9-4878-A834-F655C0877394,74,Male,STAGE II,6TH,1949,-27281,0,Not Hispanic Or Latino,11/11/14,No,C67.9,8120/3,C67.9,Yes,No,M0,NX,T1,,No,No,White,No,,Yes,0:LIVING,64.07601013,0:ALIVE OR DEAD TUMOR FREE,64.07601013,1:Recurred/Progressed,51.45149094,1:PROGRESSION,51.45149094,EUR,High Grade,Primary,Muscle Invasive Urothelial Carcinoma (PT2 or Above),11.867131991316137,4.126939827147062,8.895048091187945,4.162298671021433,10.617072529722838,8.542691412367478,9.908919461048995,4.970043751262245,13.192144838159965,7.652916657931108,3.61706334388818,Stage II,2.0,74,64.07601013,0,1,High ACTN1
TCGA-ZF-A9RL,BLCA,BLCA,386F51E4-D03A-4606-BF2E-6168F2122C5F,61,Male,STAGE II,6TH,2703,-22480,0,Not Hispanic Or Latino,11/15/14,No,C67.9,8120/3,C67.9,Yes,Yes,MX,,,With Tumor,,Yes,White,No,,Yes,0:LIVING,88.86477956,0:ALIVE OR DEAD TUMOR FREE,88.86477956,1:Recurred/Progressed,34.98043857,1:PROGRESSION,34.98043857,EUR,High Grade,Primary,Muscle Invasive Urothelial Carcinoma (PT2 or Above),9.111839888316684,2.9215315424902717,9.022462140005088,2.4732414152339603,10.600414723515721,8.120097878577834,8.767336988996963,5.082459905979211,11.082275471264897,6.114656451187902,2.821832645062403,Stage II,2.0,61,88.86477956,0,0,Low ACTN1
TCGA-ZF-A9RM,BLCA,BLCA,7D71945A-B81A-405C-BB17-CEC9B1D7592C,70,Male,STAGE II,7TH,1455,-25642,0,Not Hispanic Or Latino,11/15/14,No,C67.9,8120/3,C67.9,Yes,No,MX,N0,T0,Tumor Free,Yes,No,White,No,87,Yes,0:LIVING,47.83509222,0:ALIVE OR DEAD TUMOR FREE,47.83509222,0:DiseaseFree,47.83509222,0:CENSORED,47.83509222,EUR,High Grade,Primary,Muscle Invasive Urothelial Carcinoma (PT2 or Above),10.369902646256726,2.8492787325307805,8.570675433583817,2.9967864271069353,11.148114274056937,7.618385502258606,7.194412142073187,4.430191588439881,11.774988792234362,6.50150761581522,3.1931093706905758,Stage II,2.0,70,47.83509222,0,0,Low ACTN1
TCGA-ZF-A9RN,BLCA,BLCA,73DB40CE-2BA7-4A56-AEF2-B78D2C744BE1,67,Female,STAGE III,7TH,,-24795,0,Not Hispanic Or Latino,11/15/14,No,C67.4,8120/3,C67.4,Yes,Yes,M0,NX,T3B,With Tumor,No,No,White,No,91,Yes,1:DECEASED,20.21895651,1:DEAD WITH TUMOR,20.21895651,,,1:PROGRESSION,16.96419765,EUR,High Grade,Primary,Muscle Invasive Urothelial Carcinoma (PT2 or Above),11.585211381717283,3.646370058469147,6.342924474034074,4.467501215821581,10.428716091289365,6.3849684722916455,11.010619014488675,7.359538740164735,10.10818465162687,7.9015789251496535,1.2869993966338398,Stage III,3.0,67,20.21895651,1,0,Low ACTN1
TCGA-ZF-AA4N,BLCA,BLCA,C692E696-37FE-4FC1-90EB-8E34A91A98FC,74,Male,STAGE II,7TH,,-27056,0,Not Hispanic Or Latino,11/15/14,No,C67.9,8010/3,C67.9,Yes,No,,,,With Tumor,,No,White,No,70,Yes,1:DECEASED,2.89311898,1:DEAD WITH TUMOR,2.89311898,,,1:PROGRESSION,2.89311898,EUR,High Grade,Primary,Bladder Urothelial Carcinoma,11.275839328493534,9.621771675074402,7.804440828462307,7.515952090772492,11.159221725560295,5.9961695233092165,11.14042080013396,7.938256382438814,12.662465885600472,7.1370218619132535,4.578987003332579,Stage II,2.0,74,2.89311898,1,1,High ACTN1
TCGA-ZF-AA4R,BLCA,BLCA,B36E3B5F-8904-4722-ADAE-B00812EFEC65,67,Male,STAGE IV,6TH,,-24537,0,Not Hispanic Or Latino,11/15/14,No,C67.9,8120/3,C67.9,Yes,Yes,MX,N1,T3A,With Tumor,Yes,Yes,White,No,112,Yes,1:DECEASED,34.05990071,1:DEAD WITH TUMOR,34.05990071,,,1:PROGRESSION,24.65726403,EUR,High Grade,Primary,Muscle Invasive Urothelial Carcinoma (PT2 or Above),10.896854586195458,5.1185466129635735,7.736963339953443,6.248754927494646,11.126717377034502,6.881762492190427,13.341226918997107,11.651159350970843,12.972976197268194,7.988991368866988,7.341096237957642,Stage IV,4.0,67,34.05990071,1,1,High ACTN1
TCGA-ZF-AA4T,BLCA,BLCA,1859A4C5-78BC-4B1A-A26E-3D2B4CB221C2,65,Male,STAGE IV,6TH,,-23974,0,Not Hispanic Or Latino,11/15/14,No,C67.9,8120/3,C67.9,Yes,Yes,MX,N2,T4,With Tumor,Yes,Yes,White,,85,Yes,1:DECEASED,19.69293487,1:DEAD WITH TUMOR,19.69293487,,,1:PROGRESSION,16.79981589,EUR,High Grade,Primary,Muscle Invasive Urothelial Carcinoma (PT2 or Above),10.339716413825695,4.282773380400441,9.141161974073142,2.425781538703535,10.37716714041153,7.4019375936037,9.006368159438901,7.474687503265483,10.955250314292874,6.41044626337144,3.1333169182294562,Stage IV,4.0,65,19.69293487,1,0,Low ACTN1
TCGA-ZF-AA4U,BLCA,BLCA,585DFB25-5013-4AE1-A26B-5FED08E6CDB3,70,Male,STAGE III,6TH,,-25682,0,Not Hispanic Or Latino,11/15/14,No,C67.9,8120/3,C67.9,Yes,Yes,MX,NX,T4A,With Tumor,No,No,White,No,95,Yes,1:DECEASED,8.613604235,1:DEAD WITH TUMOR,8.613604235,,,1:PROGRESSION,6.542394056,EUR,High Grade,Primary,Muscle Invasive Urothelial Carcinoma (PT2 or Above),11.235368064379744,3.3935123037160118,9.652871855267813,2.8756031550103063,9.314014437293071,7.326744059219621,8.265347812581185,4.690880784325416,11.668716600940389,6.955184915770305,3.657845763202738,Stage III,3.0,70,8.613604235,1,0,Low ACTN1
TCGA-ZF-AA4V,BLCA,BLCA,CCD65BC8-82EF-453E-B4BC-A005CC2262D5,66,Male,STAGE III,6TH,1806,-24448,0,Not Hispanic Or Latino,11/15/14,No,C67.9,8120/3,C67.9,Yes,No,M0,N0,T3B,Tumor Free,Yes,No,White,No,85,Yes,0:LIVING,59.37469178,0:ALIVE OR DEAD TUMOR FREE,59.37469178,0:DiseaseFree,59.37469178,0:CENSORED,59.37469178,EUR,High Grade,Primary,Muscle Invasive Urothelial Carcinoma (PT2 or Above),11.464515119540811,4.835363253956469,8.541065630962235,5.4454453133033125,10.30339262927119,7.076687351791767,11.648591270689991,9.274215061827437,12.689299160535892,8.319590840063517,4.306211193205661,Stage III,3.0,66,59.37469178,0,1,High ACTN1
TCGA-ZF-AA4W,BLCA,BLCA,63443198-4FCF-40BD-BEFB-4A6920D29CA4,56,Male,STAGE III,6TH,,-20611,0,Not Hispanic Or Latino,11/15/14,No,C67.9,8120/3,C67.9,Yes,Yes,MX,N0,T3B,,Yes,No,White,No,96,Yes,0:LIVING,60.16372423,0:ALIVE OR DEAD TUMOR FREE,60.16372423,1:Recurred/Progressed,55.19939508,1:PROGRESSION,55.19939508,EUR,High Grade,Primary,Muscle Invasive Urothelial Carcinoma (PT2 or Above),10.770961154914126,5.488508582112417,6.48236429255538,2.844486087757799,10.581586630117133,6.357391891771754,10.034537630942355,7.886025746022202,12.672398821598314,6.811021402722442,4.419693939191,Stage III,3.0,56,60.16372423,0,1,High ACTN1
TCGA-ZF-AA4X,BLCA,BLCA,E6F7BF6C-92B1-4795-94FC-B189D0C7877F,56,Male,STAGE II,6TH,2044,-20579,0,Not Hispanic Or Latino,11/12/14,No,C67.9,8120/3,C67.9,Yes,Yes,M0,NX,T2,With Tumor,,No,White,Yes,73,Yes,0:LIVING,67.19926357,0:ALIVE OR DEAD TUMOR FREE,67.19926357,1:Recurred/Progressed,54.73912615,1:PROGRESSION,54.73912615,EUR,High Grade,Primary,Muscle Invasive Urothelial Carcinoma (PT2 or Above),10.277008366854865,3.6094713114114505,9.331906711158071,5.271231431083071,10.507923446505723,8.638070215953682,8.272219194093738,4.524251775698061,11.250902375601232,6.347669199260866,3.561375019828737,Stage II,2.0,56,67.19926357,0,0,Low ACTN1
TCGA-ZF-AA51,BLCA,BLCA,1029514B-A32C-4C43-A440-A5BA2709F717,69,Female,STAGE II,6TH,1714,-25484,0,Not Hispanic Or Latino,11/15/14,No,C67.9,8120/3,C67.9,Yes,No,M0,NX,T2,Tumor Free,No,No,White,No,54,Yes,0:LIVING,56.3500674,0:ALIVE OR DEAD TUMOR FREE,56.3500674,0:DiseaseFree,56.3500674,0:CENSORED,56.3500674,EUR,High Grade,Primary,Muscle Invasive Urothelial Carcinoma (PT2 or Above),13.365707298398947,5.6433569309138125,8.869529070870986,9.38352718430798,10.384891651446448,7.869476633965402,12.074546243856021,9.91862773683916,11.761547077210842,8.475474046744036,5.328624667713909,Stage II,2.0,69,56.3500674,0,0,Low ACTN1
TCGA-ZF-AA52,BLCA,BLCA,6C5F09F0-2019-4440-8554-E8912BCE5E98,70,Male,STAGE III,6TH,,-25579,0,Not Hispanic Or Latino,11/14/14,No,C67.4,8120/3,C67.4,Yes,,MX,NX,T3A,,No,No,White,No,77,Yes,1:DECEASED,35.40783115,,35.40783115,,,0:CENSORED,35.40783115,EUR,High Grade,Primary,Muscle Invasive Urothelial Carcinoma (PT2 or Above),14.935118997571422,6.788437758719654,8.751269552712134,7.8199938259518165,10.982551574717858,9.026833249798754,14.313790025443685,13.357991783631057,12.767385823614765,9.204395075805921,9.071280002959714,Stage III,3.0,70,35.40783115,1,1,High ACTN1
TCGA-ZF-AA53,BLCA,BLCA,92C6856A-B26F-4512-BBB1-8A8AFF4636AB,60,Male,STAGE II,7TH,1761,-22035,0,Not Hispanic Or Latino,11/14/14,No,C67.9,8120/3,C67.9,Yes,No,M0,NX,T2,Tumor Free,No,Yes,White,No,111,Yes,0:LIVING,57.89525594,0:ALIVE OR DEAD TUMOR FREE,57.89525594,0:DiseaseFree,57.89525594,0:CENSORED,57.89525594,EUR,High Grade,Primary,Muscle Invasive Urothelial Carcinoma (PT2 or Above),12.271401747080525,5.060440870917736,8.434799172701384,5.73718919456896,10.60498865897521,6.140762298603437,13.345363661903228,13.133439263943611,14.413945202428131,8.45759018806211,6.038662243528262,Stage II,2.0,60,57.89525594,0,1,High ACTN1
TCGA-ZF-AA54,BLCA,BLCA,BCA645AE-A0C9-4005-B672-85D8920B6AFB,71,Male,STAGE III,6TH,,-26128,0,Not Hispanic Or Latino,11/15/14,No,C67.2,8120/3,C67.2,Yes,,MX,NX,T3,,No,No,White,,81,Yes,1:DECEASED,19.3970477,,19.3970477,,,0:CENSORED,19.3970477,EUR,High Grade,Primary,Muscle Invasive Urothelial Carcinoma (PT2 or Above),13.693878940939012,7.293425665793273,8.337599603596988,9.591041679824636,10.890081838294597,7.072566754528977,11.63282257216974,11.0359537565578,13.932777618084007,9.629342047328828,4.79814904197736,Stage III,3.0,71,19.3970477,1,1,High ACTN1
TCGA-ZF-AA56,BLCA,BLCA,EB30AE33-2076-475D-AAC9-804A8F1119A0,79,Female,STAGE III,7TH,,-28937,0,Not Hispanic Or Latino,11/15/14,No,C67.4,8120/3,C67.4,Yes,Yes,MX,N0,T4A,With Tumor,Yes,No,White,No,63,Yes,1:DECEASED,8.514975178,1:DEAD WITH TUMOR,8.514975178,,,1:PROGRESSION,8.153335306,EUR,High Grade,Primary,Muscle Invasive Urothelial Carcinoma (PT2 or Above),13.284919505760044,5.0143061905157,7.068412856429965,7.38247704790804,10.910080531966354,7.412671456377273,12.54036782189322,10.700812481799053,12.499165727215665,9.446992279816184,5.550765251761582,Stage III,3.0,79,8.514975178,1,1,High ACTN1
TCGA-ZF-AA58,BLCA,BLCA,0DA6502C-058D-47F5-9996-8AA1D511D7E4,61,Female,STAGE IV,7TH,1649,-22549,0,Not Hispanic Or Latino,11/15/14,No,C67.9,8120/3,C67.9,Yes,No,MX,N2,T3A,Tumor Free,Yes,No,White,No,71,Yes,0:LIVING,54.21310451,0:ALIVE OR DEAD TUMOR FREE,54.21310451,,,0:CENSORED,54.21310451,EUR,High Grade,Primary,Muscle Invasive Urothelial Carcinoma (PT2 or Above),12.628231352833176,5.897247687444312,8.580955717340148,7.469422038773008,10.679955055048811,7.243231118778829,13.033601950701438,12.074750264005807,14.046808543783216,9.2620595999468,5.976661493094981,Stage IV,4.0,61,54.21310451,0,1,High ACTN1
TCGA-ZF-AA5H,BLCA,BLCA,04477379-6C51-45D9-B9B9-D05D53B53945,60,Female,STAGE IV,7TH,897,-22122,0,Not Hispanic Or Latino,11/15/14,No,C67.9,8120/3,C67.9,Yes,Yes,M0,N2,T3B,With Tumor,Yes,No,White,No,82,Yes,0:LIVING,29.49008778,0:ALIVE OR DEAD TUMOR FREE,29.49008778,,,1:PROGRESSION,5.819114311,EUR,High Grade,Primary,Muscle Invasive Urothelial Carcinoma (PT2 or Above),12.15741957360848,8.008658314451582,8.483122472303265,7.999565999109295,10.795008744162194,6.427644720113043,12.275891693758144,10.559558730554734,14.274975027101895,8.13190839267029,4.869338438166562,Stage IV,4.0,60,29.49008778,0,1,High ACTN1
TCGA-ZF-AA5N,BLCA,BLCA,F78CB4FA-5548-40F8-B71B-663DDE47F539,62,Female,STAGE IV,7TH,,-22741,0,Not Hispanic Or Latino,11/7/14,No,C67.9,8120/3,C67.9,Yes,No,M1,NX,T2,With Tumor,No,No,White,No,81,Yes,1:DECEASED,5.523227143,1:DEAD WITH TUMOR,5.523227143,,,1:PROGRESSION,5.523227143,EUR,High Grade,Primary,Muscle Invasive Urothelial Carcinoma (PT2 or Above),9.868405887487478,2.226816765049867,8.096383098789058,2.5626698261027023,9.71680403135395,7.769361824474453,9.197307626728891,6.2214827214644215,11.245546764336359,6.718279418950613,4.083289969491846,Stage IV,4.0,62,5.523227143,1,0,Low ACTN1
TCGA-ZF-AA5P,BLCA,BLCA,24D56331-4BCA-4AB8-9FB7-A95A30B4C8FE,65,Male,STAGE IV,7TH,372,-23971,0,Not Hispanic Or Latino,11/15/14,No,C67.4,8120/3,C67.4,Yes,No,M0,N2,T2B,,Yes,No,White,No,84,Yes,0:LIVING,12.23000296,0:ALIVE OR DEAD TUMOR FREE,12.23000296,,,0:CENSORED,12.23000296,EUR,High Grade,Primary,Muscle Invasive Urothelial Carcinoma (PT2 or Above),16.377922210929608,8.444662926110393,8.540387680946052,10.321353156535901,12.066590412990832,8.546836596626699,16.79558311594119,17.384303153871148,14.734736077858836,9.486853117972714,10.541745198180683,Stage IV,4.0,65,12.23000296,0,1,High ACTN1
